,sentence,verdict,deka,y
1,‡∏Ñ‡∏ô‡πÄ‡∏•‡∏ß ‡∏ô‡πà‡∏≤‡∏£‡∏±‡∏á‡πÄ‡∏Å‡∏µ‡∏¢‡∏à‡πÑ‡∏°‡πà‡∏ô‡πà‡∏≤‡∏Ñ‡∏ö‡∏Ñ‡πâ‡∏≤‡∏™‡∏°‡∏≤‡∏Ñ‡∏°,‡∏ú‡∏¥‡∏î,785/2510,1
2,‡∏Å‡∏£‡∏∞‡∏ó‡∏≥‡∏ú‡∏¥‡∏î‡∏≠‡∏≤‡∏ç‡∏≤ ‡∏Å‡∏£‡∏∞‡∏ó‡∏≥‡∏≠‡∏¢‡πà‡∏≤‡∏á‡πÑ‡∏£‡πâ‡∏Ñ‡∏ß‡∏≤‡∏°‡∏õ‡∏£‡∏≤‡∏ô‡∏µ,‡∏ú‡∏¥‡∏î,1112/2510,1
3,‡∏à‡πà‡∏≤‡∏¢‡πÄ‡∏ä‡πá‡∏Ñ‡πÑ‡∏°‡πà‡∏°‡∏µ‡πÄ‡∏á‡∏¥‡∏ô‡πÉ‡∏´‡πâ,‡∏ú‡∏¥‡∏î,645/2503,1
4,‡∏≠‡πâ‡∏≤‡∏¢‡∏ä‡∏≤‡∏ï‡∏¥‡∏´‡∏°‡∏≤ ‡∏≠‡πâ‡∏≤‡∏¢‡∏â‡∏¥‡∏ö‡∏´‡∏≤‡∏¢,‡πÑ‡∏°‡πà‡∏ú‡∏¥‡∏î (‡πÄ‡∏Ç‡πâ‡∏≤ 393 ‡πÅ‡∏ó‡∏ô),1734/2503,0
5,‡∏Ñ‡∏ô‡∏Ç‡∏≤‡∏¢‡∏ä‡∏≤‡∏ï‡∏¥ ‡πÅ‡∏ô‡∏ß 5,‡∏ú‡∏¥‡∏î,990/2508,1
6,‡∏ï‡∏•‡∏≤‡∏î‡∏•‡πà‡∏≥‡∏•‡∏∑‡∏≠‡∏ß‡πà‡∏≤ ‡∏≠‡∏¥‡∏ó‡∏ò‡∏¥‡∏™‡∏°‡∏ö‡∏±‡∏ï‡∏¥(‡πÇ‡∏à‡∏ó‡∏Å‡πå) ‡πÄ‡∏õ‡πá‡∏ô‡∏Ñ‡πà‡∏≤‡∏à‡πâ‡∏≤‡∏á‡πÉ‡∏ô‡∏Å‡∏≤‡∏£‡∏ß‡∏≤‡∏á‡πÄ‡∏û‡∏•‡∏¥‡∏á‡∏Ñ‡∏£‡∏±‡πâ‡∏á‡∏ô‡∏µ‡πâ ,‡πÑ‡∏°‡πà‡∏ú‡∏¥‡∏î (‡∏Ç‡πà‡∏≤‡∏ß‡∏•‡∏∑‡∏≠ ‡πÑ‡∏°‡πà‡∏ñ‡∏∑‡∏≠‡πÄ‡∏õ‡πá‡∏ô‡∏Å‡∏≤‡∏£‡πÉ‡∏™‡πà‡∏Ñ‡∏ß‡∏≤‡∏°‡∏ï‡πà‡∏≠‡∏ö‡∏∏‡∏Ñ‡∏Ñ‡∏•‡∏ó‡∏µ‡πà 3),140/2509,0
7,‡∏ú‡∏µ‡∏õ‡∏≠‡∏ö ‡∏ä‡∏≤‡∏ï‡∏¥‡∏´‡∏°‡∏≤ ,‡πÑ‡∏°‡πà‡∏ú‡∏¥‡∏î (‡πÄ‡∏Ç‡πâ‡∏≤ 393 ‡πÅ‡∏ó‡∏ô),256/2509,0
8,‡∏ú‡∏µ‡∏õ‡∏≠‡∏ö,‡πÑ‡∏°‡πà‡∏ú‡∏¥‡∏î (‡πÄ‡∏Ç‡πâ‡∏≤ 393 ‡πÅ‡∏ó‡∏ô),200/2511,0
9,‡∏≠‡∏≠‡∏Å‡πÄ‡∏ä‡πá‡∏Ñ‡πÑ‡∏°‡πà‡∏°‡∏µ‡πÄ‡∏á‡∏¥‡∏ô,‡∏ú‡∏¥‡∏î,1545/2513,1
10,‡∏ô‡∏≤‡∏¢‡∏Å‡∏Å‡∏¥‡∏ô‡πÄ‡∏ô‡∏∑‡πâ‡∏≠‡∏Ç‡∏≠‡∏á‡∏ô‡∏≤‡∏¢‡πÄ‡∏ô‡∏µ‡πâ‡∏¢‡∏ß ‡∏ß‡∏±‡∏ô‡∏•‡∏∞ 8 ‡∏Å‡∏¥‡πÇ‡∏• = ‡∏ï‡∏¥‡∏î‡∏™‡∏¥‡∏ô‡∏ö‡∏ô,‡∏ú‡∏¥‡∏î,2296/2514,1
11,‡∏ô‡∏¥‡∏™‡∏±‡∏¢‡πÅ‡∏•‡∏∞‡∏à‡∏¥‡∏ï‡πÉ‡∏à‡∏Ñ‡∏î‡πÇ‡∏Å‡∏á,‡∏ú‡∏¥‡∏î,2822/2515,1
12,‡∏≠‡∏¢‡πà‡∏≤‡πÄ‡∏≠‡∏≤‡πÑ‡∏°‡πâ‡πÑ‡∏õ‡πÅ‡∏´‡∏¢‡πà‡∏Ç‡∏µ‡πâ,‡πÑ‡∏°‡πà‡∏ú‡∏¥‡∏î (‡πÅ‡∏Ñ‡πà‡πÑ‡∏°‡πà‡∏™‡∏∏‡∏†‡∏≤‡∏û),1142/2516,0
13,‡∏Ñ‡πâ‡∏≤‡∏á‡∏ä‡∏≥‡∏£‡∏∞‡∏´‡∏ô‡∏µ‡πâ ‡πÄ‡∏à‡∏ï‡∏ô‡∏≤‡πÑ‡∏°‡πà‡∏î‡∏µ ‡πÄ‡∏õ‡πá‡∏ô‡∏Ñ‡∏ô‡∏´‡∏ô‡πâ‡∏≤‡πÄ‡∏ô‡∏∑‡πâ‡∏≠‡πÉ‡∏à‡πÄ‡∏™‡∏∑‡∏≠ ‡πÄ‡∏•‡∏ß‡∏ó‡∏£‡∏≤‡∏°‡∏ï‡πà‡∏≥‡∏ä‡πâ‡∏≤‡πÑ‡∏£‡πâ‡∏°‡∏≤‡∏£‡∏¢‡∏≤‡∏ó‡πÅ‡∏•‡∏∞‡πÑ‡∏°‡πà‡∏°‡∏µ‡∏à‡∏£‡∏£‡∏¢‡∏≤‡∏ó‡∏≤‡∏á‡∏´‡∏ô‡∏±‡∏á,‡∏ú‡∏¥‡∏î (‡πÅ‡∏ï‡πà‡∏ï‡∏≤‡∏°‡∏é‡∏µ‡∏Å‡∏≤‡πÄ‡∏Ç‡πâ‡∏≤‡∏Ç‡πâ‡∏≠‡∏¢‡∏Å‡πÄ‡∏ß‡πâ‡∏ô),2798/2516,1
14,‡∏£‡∏ñ‡∏¢‡∏µ‡∏¢‡∏ß‡∏ô ‡∏Ç‡∏≠‡∏à‡∏±‡∏ö‡∏Å‡∏∏‡∏° ‡πÄ‡∏≠‡∏≤‡πÉ‡∏ö‡∏Ç‡∏±‡∏ö‡∏Ç‡∏µ‡πà‡∏°‡∏≤,‡πÑ‡∏°‡πà‡∏ú‡∏¥‡∏î,3176/2516,0
15,‡∏•‡∏±‡∏Å‡πÄ‡∏õ‡πá‡∏î‡πÑ‡∏õ‡πÅ‡∏Å‡∏á‡∏Å‡∏¥‡∏ô,‡∏ú‡∏¥‡∏î,2021/2517,1
16,‡πÄ‡∏õ‡πá‡∏ô‡∏Ñ‡∏ô‡πÑ‡∏°‡πà‡∏î‡∏µ ‡πÑ‡∏°‡πà‡∏°‡∏µ‡∏®‡∏µ‡∏•‡∏ò‡∏£‡∏£‡∏° ‡∏ú‡∏π‡πâ‡πÉ‡∏´‡∏ç‡πà‡∏ö‡πâ‡∏≤‡∏ô‡∏´‡∏°‡∏≤ ‡πÜ ‡∏ö‡πâ‡∏≤ ‡πÜ ‡∏≠‡∏¢‡πà‡∏≤‡∏á‡∏ô‡∏µ‡πâ‡πÑ‡∏°‡πà‡∏Ñ‡∏ß‡∏£‡πÄ‡∏õ‡πá‡∏ô‡∏ú‡∏π‡πâ‡πÉ‡∏´‡∏ç‡πà‡∏ö‡πâ‡∏≤‡∏ô‡∏ï‡πà‡∏≠‡πÑ‡∏õ ‡πÄ‡∏û‡∏£‡∏≤‡∏∞‡∏£‡∏≤‡∏©‡∏é‡∏£‡πÑ‡∏î‡πâ‡∏£‡∏±‡∏ö‡∏Ñ‡∏ß‡∏≤‡∏°‡πÄ‡∏î‡∏∑‡∏≠‡∏î‡∏£‡πâ‡∏≠‡∏ô,‡∏ú‡∏¥‡∏î,386-387/2506,1
17,‡∏•‡∏±‡∏Å‡∏õ‡∏•‡∏≤‡πÉ‡∏ô‡∏ö‡πà‡∏≠,‡∏ú‡∏¥‡∏î (‡∏é‡∏µ‡∏Å‡∏≤‡∏ü‡πâ‡∏≠‡∏á‡πÄ‡∏Ñ‡∏•‡∏∑‡∏≠‡∏ö‡∏Ñ‡∏•‡∏∏‡∏°),894-897/2506,1
18,‡∏Ñ‡∏ô‡πÑ‡∏°‡πà‡∏î‡∏µ ‡πÄ‡∏õ‡πá‡∏ô‡∏Ñ‡∏ô 5 ‡∏ú‡∏±‡∏ß 6 ‡∏ú‡∏±‡∏ß ,‡∏ú‡∏¥‡∏î,621/2518,1
19,‡∏û‡∏µ‡πà‡∏™‡∏≤‡∏ß‡πÄ‡∏≠‡∏á‡∏°‡∏µ‡∏ú‡∏±‡∏ß‡∏´‡∏£‡∏∑‡∏≠‡∏¢‡∏±‡∏á ‡∏Ñ‡∏ß‡∏¢‡∏Å‡∏π‡∏ô‡∏µ‡πà‡πÉ‡∏´‡∏ç‡πà‡∏ô‡∏∞ ‡∏û‡∏µ‡πà‡∏™‡∏≤‡∏ß‡∏°‡∏∂‡∏á‡∏Ñ‡∏á‡∏ä‡∏≠‡∏ö ‡∏Ç‡∏≠‡πÄ‡∏¢‡πá‡∏î‡∏™‡∏±‡∏Å‡∏ó‡∏µ‡∏™‡∏≠‡∏á‡∏ó‡∏µ‡πÑ‡∏î‡πâ‡πÑ‡∏´‡∏°,‡πÑ‡∏°‡πà‡∏ú‡∏¥‡∏î (‡∏Ñ‡∏≤‡∏î‡∏Ñ‡∏∞‡πÄ‡∏ô),1399/2518,0
20,‡πÑ‡∏≠‡πâ‡∏ó‡∏ô‡∏≤‡∏¢‡∏Å‡∏£‡∏∞‡∏à‡∏≠‡∏Å ‡∏ó‡∏ô‡∏≤‡∏¢‡πÄ‡∏Æ‡∏á‡∏ã‡∏ß‡∏¢,‡πÑ‡∏°‡πà‡∏ú‡∏¥‡∏î,2324/2518,0
21,‡πÄ‡∏°‡∏µ‡∏¢‡∏ô‡πâ‡∏≠‡∏¢ ,‡∏ú‡∏¥‡∏î,472/2520,1
22,‡πÑ‡∏≠‡πâ‡πÄ‡∏´‡∏µ‡πâ‡∏¢ ‡πÑ‡∏≠‡πâ‡∏™‡∏±‡∏ï‡∏ß‡πå,‡πÑ‡∏°‡πà‡∏ú‡∏¥‡∏î,445/2522,0
23,‡πÑ‡∏≠‡πâ‡∏ó‡∏≠‡∏á‡∏™‡∏∏‡∏Ç‡πÇ‡∏Å‡∏á‡∏ö‡πâ‡∏≤‡∏á‡πÇ‡∏Å‡∏á‡πÄ‡∏°‡∏∑‡∏≠‡∏á = ‡∏Ç‡πâ‡∏≤‡∏£‡∏≤‡∏ä‡∏Å‡∏≤‡∏£‡πÄ‡∏ö‡∏µ‡∏¢‡∏î‡∏ö‡∏±‡∏á‡∏ó‡∏£‡∏±‡∏û‡∏¢‡πå/‡∏¢‡∏±‡∏Å‡∏¢‡∏≠‡∏Å,‡∏ú‡∏¥‡∏î,445/2522,1
24,‡πÑ‡∏≠‡πâ‡∏Ñ‡∏ô‡∏ô‡∏µ‡πâ ‡∏°‡∏±‡∏ô‡πÄ‡∏Ç‡πâ‡∏≤‡πÑ‡∏õ‡∏Ç‡πà‡∏°‡∏Ç‡∏∑‡∏ô‡∏Ñ‡∏ô‡πÉ‡∏ô‡∏ö‡πâ‡∏≤‡∏ô‡∏â‡∏±‡∏ô,‡∏ú‡∏¥‡∏î,1140/2522,1
25,‡∏£‡∏≤‡∏©‡∏é‡∏£‡∏≠‡∏≥‡πÄ‡∏†‡∏≠‡∏ö‡πâ‡∏≤‡∏ô‡∏Å‡∏£‡∏ß‡∏î‡∏ó‡∏µ‡πà‡∏≠‡∏û‡∏¢‡∏û‡∏°‡∏≤‡∏≠‡∏¢‡∏π‡πà‡∏ó‡∏µ‡πà‡πÄ‡∏Ç‡∏≤‡∏Å‡∏£‡∏∞‡πÇ‡∏î‡∏á‡∏•‡πâ‡∏ß‡∏ô‡πÄ‡∏õ‡πá‡∏ô‡∏Ñ‡∏≠‡∏°‡∏°‡∏¥,‡πÑ‡∏°‡πà‡∏ú‡∏¥‡∏î (‡∏Ñ‡∏ô‡∏´‡∏°‡∏π‡πà‡∏°‡∏≤‡∏Å),1636/2522,0
26,‡∏Å‡∏∞‡∏´‡∏£‡∏µ‡πà‡∏ó‡∏µ‡πà‡∏î‡∏¥‡∏ô,‡∏ú‡∏¥‡∏î,2371/2522,1
27,‡∏≠‡∏±‡∏õ‡∏°‡∏á‡∏Ñ‡∏•‡∏ü‡∏¥‡∏•‡πå‡∏° ‡∏ö‡∏£‡∏¥‡∏©‡∏±‡∏ó‡∏Ç‡∏µ‡πâ‡πÄ‡∏£‡∏∑‡πâ‡∏≠‡∏ô,‡πÑ‡∏°‡πà‡∏ú‡∏¥‡∏î (‡πÄ‡∏Ñ‡∏•‡∏∑‡∏≠‡∏ö‡∏Ñ‡∏•‡∏∏‡∏°),2408/2522,0
28,‡∏ú‡∏±‡∏ß‡∏°‡∏∂‡∏á‡∏ã‡∏µ‡πà‡∏Å‡∏π‡πÅ‡∏•‡πâ‡∏ß,‡πÑ‡∏°‡πà‡∏ú‡∏¥‡∏î,2940/2522,0
29,‡∏ó‡∏ô‡∏≤‡∏¢‡∏£‡∏±‡∏ö‡πÄ‡∏á‡∏¥‡∏ô‡πÄ‡∏Ç‡∏≤‡πÅ‡∏•‡πâ‡∏ß‡πÑ‡∏°‡πà‡πÄ‡∏≠‡∏≤‡∏°‡∏≤‡πÉ‡∏´‡πâ‡∏ï‡∏±‡∏ß‡∏Ñ‡∏ß‡∏≤‡∏°,‡∏ú‡∏¥‡∏î,3086/2522,1
30,‡πÄ‡∏ä‡πá‡∏Ñ‡πÑ‡∏°‡πà‡∏°‡∏µ‡πÄ‡∏á‡∏¥‡∏ô ‡∏ò‡∏ô‡∏≤‡∏Ñ‡∏≤‡∏£‡πÅ‡∏à‡πâ‡∏á‡∏ï‡∏≥‡∏£‡∏ß‡∏à‡∏à‡∏±‡∏ö ‡∏ê‡∏≤‡∏ô‡∏∞‡∏Å‡∏≤‡∏£‡πÄ‡∏á‡∏¥‡∏ô‡πÑ‡∏°‡πà‡∏î‡∏µ‡πÑ‡∏°‡πà‡∏ô‡πà‡∏≤‡πÄ‡∏ä‡∏∑‡πà‡∏≠‡∏ñ‡∏∑‡∏≠,‡∏ú‡∏¥‡∏î,407/2523,1
31,‡πÇ‡∏á‡πà‡∏ó‡∏≥‡∏á‡∏≤‡∏ô‡πÑ‡∏°‡πà‡πÄ‡∏õ‡πá‡∏ô,‡∏ú‡∏¥‡∏î,418/2523,1
32,‡∏≠‡∏µ‡∏Ñ‡∏ß‡∏≤‡∏¢ ‡∏≠‡∏µ‡∏ä‡πâ‡∏≤‡∏á ‡∏≠‡∏µ‡∏ß‡∏±‡∏ß,‡πÑ‡∏°‡πà‡∏ú‡∏¥‡∏î ,3073/2523,0
33,‡∏û‡∏¥‡∏ä‡∏±‡∏¢‡πÄ‡∏ö‡∏¥‡∏Å‡πÄ‡∏á‡∏¥‡∏ô‡πÉ‡∏™‡πà‡∏Å‡∏£‡∏∞‡πÄ‡∏õ‡πã‡∏≤‡∏û‡πà‡∏≠‡∏ö‡πâ‡∏≤‡∏ô,‡πÑ‡∏°‡πà‡∏ú‡∏¥‡∏î,72/2524,0
34,‡πÄ‡∏à‡πä‡∏Å‡∏Å‡∏∏‡πä‡∏¢ = ‡πÄ‡∏•‡∏ß‡∏ó‡∏£‡∏≤‡∏° ‡∏ä‡∏≠‡∏ö‡πÄ‡∏ô‡∏£‡∏Ñ‡∏∏‡∏ì,‡∏ú‡∏¥‡∏î,623/2524,1
35,‡πÄ‡∏ä‡πá‡∏Ñ‡πÄ‡∏≠‡∏¢ ‡πÄ‡∏ä‡πá‡∏Ñ‡πÄ‡∏î‡πâ‡∏á ‡∏≠‡πâ‡∏≤‡∏¢‡πÄ‡∏™‡∏µ‡πà‡∏¢‡∏ö‡πâ‡∏≤‡∏Å‡∏≤‡∏° ‡∏≠‡πâ‡∏≤‡∏¢‡πÄ‡∏™‡∏µ‡πà‡∏¢‡∏ö‡∏£‡∏£‡∏•‡∏±‡∏¢ ‡πÄ‡∏°‡∏∑‡πà‡∏≠‡∏Å‡πà‡∏≠‡∏ô‡πÄ‡∏õ‡πá‡∏ô‡∏à‡∏±‡∏ö‡∏Å‡∏±‡∏á ‡πÑ‡∏≠‡πâ‡πÄ‡∏™‡∏µ‡πà‡∏¢‡∏à‡πà‡∏≤‡∏¢‡πÄ‡∏ä‡πá‡∏Ñ 3 ‡∏û‡∏±‡∏ô‡∏Å‡πá‡πÄ‡∏î‡πâ‡∏á‡πÄ‡∏´‡∏°‡∏∑‡∏≠‡∏ô‡∏Å‡∏±‡∏ô,‡∏ú‡∏¥‡∏î,782/2524,1
36,‡∏ö‡∏±‡∏Å‡∏Ñ‡∏°‡πÄ‡∏õ‡πá‡∏ô‡∏ï‡∏≥‡∏£‡∏ß‡∏à‡∏´‡∏°‡∏≤ ‡πÜ ,‡πÑ‡∏°‡πà‡∏ú‡∏¥‡∏î,72/2524,0
37,‡∏ñ‡∏π‡∏Å‡∏õ‡∏•‡∏î‡∏à‡∏≤‡∏Å‡∏Å‡∏≤‡∏£‡πÄ‡∏õ‡πá‡∏ô‡∏û‡∏ô‡∏±‡∏Å‡∏á‡∏≤‡∏ô ‡πÄ‡∏û‡∏£‡∏≤‡∏∞‡πÄ‡∏õ‡πá‡∏ô‡∏ö‡∏∏‡∏Ñ‡∏Ñ‡∏•‡∏°‡∏µ‡∏°‡∏•‡∏ó‡∏¥‡∏ô‡∏°‡∏±‡∏ß‡∏´‡∏°‡∏≠‡∏á,‡∏ú‡∏¥‡∏î,1459/2527,1
38,‡∏ä‡∏π‡πâ‡∏™‡∏≤‡∏ß‡∏ï‡πà‡∏≠‡∏Å‡∏±‡∏ô‡∏ó‡∏µ‡πà‡πÇ‡∏£‡∏á‡πÄ‡∏£‡∏µ‡∏¢‡∏ô,‡∏ú‡∏¥‡∏î (‡∏é‡∏µ‡∏Å‡∏≤‡πÄ‡∏Ç‡πâ‡∏≤‡∏Ç‡πâ‡∏≠‡∏¢‡∏Å‡πÄ‡∏ß‡πâ‡∏ô),6310/2539,1
39,‡∏Ñ‡∏∏‡∏ì‡πÄ‡∏õ‡πá‡∏ô‡∏ó‡∏ô‡∏≤‡∏¢‡πÑ‡∏°‡πà‡∏£‡∏µ‡∏ö‡∏£‡∏±‡∏Å‡∏©‡∏≤‡∏ú‡∏•‡∏õ‡∏£‡∏∞‡πÇ‡∏¢‡∏ä‡∏ô‡πå‡∏Ç‡∏≠‡∏á‡∏•‡∏π‡∏Å‡∏Ñ‡∏ß‡∏≤‡∏°‡πÄ‡∏≠‡∏á ‡∏à‡∏∞‡∏°‡∏≤‡πÇ‡∏ó‡∏©‡∏ú‡∏°‡πÑ‡∏î‡πâ‡∏¢‡∏±‡∏á‡πÑ‡∏á,‡πÑ‡∏°‡πà‡∏ú‡∏¥‡∏î (‡πÄ‡∏Ç‡πâ‡∏≤‡∏Ç‡πâ‡∏≠‡∏¢‡∏Å‡πÄ‡∏ß‡πâ‡∏ô),155/2512,0
40,‡∏¢‡∏±‡∏Å‡∏¢‡∏≠‡∏Å ‡∏ï‡∏≤‡∏°‡∏ï‡∏±‡∏ß‡πÑ‡∏°‡πà‡∏û‡∏ö,‡∏ú‡∏¥‡∏î,79/2537,1
41,‡πÅ‡∏°‡πà‡∏°‡∏∂‡∏á‡πÑ‡∏°‡πà‡∏ï‡πâ‡∏≠‡∏á‡πÑ‡∏õ‡∏ü‡∏±‡∏á ‡∏Å‡∏π‡∏à‡∏∞‡πÄ‡∏≠‡∏≤‡∏≠‡∏¢‡πà‡∏≤‡∏á‡∏ô‡∏µ‡πâ ‡∏ñ‡πâ‡∏≤‡πÄ‡∏ã‡πá‡∏ô‡πÑ‡∏°‡πà‡πÑ‡∏î‡πâ‡∏Å‡πá‡πÑ‡∏°‡πà‡πÄ‡∏õ‡πá‡∏ô‡πÑ‡∏£ ‡∏Ñ‡∏∏‡∏ì‡πÄ‡∏õ‡πá‡∏ô‡∏´‡∏±‡∏ß‡∏´‡∏ô‡πâ‡∏≤‡∏Ñ‡∏ô‡πÑ‡∏î‡πâ‡∏≠‡∏¢‡πà‡∏≤‡∏á‡πÑ‡∏£ ‡∏ó‡∏≥‡∏á‡∏≤‡∏ô‡πÑ‡∏°‡πà‡∏£‡∏±‡∏ö‡∏ú‡∏¥‡∏î‡∏ä‡∏≠‡∏ö ‡∏ï‡∏±‡∏î‡∏™‡∏¥‡∏ô‡∏õ‡∏±‡∏ç‡∏´‡∏≤‡πÑ‡∏°‡πà‡πÑ‡∏î‡πâ ‡∏û‡∏≠‡∏°‡∏µ‡∏õ‡∏±‡∏ç‡∏´‡∏≤‡∏Å‡πá‡πÇ‡∏¢‡∏ô‡∏Å‡∏±‡∏ô‡πÑ‡∏õ‡∏°‡∏≤,‡πÑ‡∏°‡πà‡∏ú‡∏¥‡∏î (‡πÄ‡∏Ç‡πâ‡∏≤ 393 ‡πÅ‡∏ó‡∏ô),6624/2537,0
42,‡∏≠‡∏µ‡∏Ñ‡∏ô‡∏ô‡∏µ‡πâ‡∏´‡∏ô‡πâ‡∏≤‡πÅ‡∏¢‡πà‡∏á‡∏ú‡∏±‡∏ß‡∏â‡∏±‡∏ô ‡πÄ‡∏≠‡∏≤‡∏ú‡∏±‡∏ß‡∏â‡∏±‡∏ô‡πÑ‡∏õ‡∏Å‡∏≠‡∏î‡∏ô‡∏≠‡∏ô‡∏î‡πâ‡∏ß‡∏¢‡∏Å‡∏±‡∏ô = ‡∏°‡∏µ‡∏™‡∏±‡∏°‡∏û‡∏±‡∏ô‡∏ò‡πå‡∏ó‡∏≤‡∏á‡∏õ‡∏£‡∏∞‡πÄ‡∏ß‡∏ì‡∏µ,‡∏ú‡∏¥‡∏î,3725/2538,1
43,‡πÑ‡∏õ‡∏õ‡∏•‡∏π‡∏Å‡∏ö‡πâ‡∏≤‡∏ô‡∏≠‡∏¢‡∏π‡πà‡∏î‡πâ‡∏ß‡∏¢‡∏Å‡∏±‡∏ô ‡πÑ‡∏õ‡∏Å‡∏Å‡∏ô‡∏≠‡∏ô‡∏Å‡∏±‡∏ô‡∏ó‡∏µ‡πà‡πÇ‡∏£‡∏á‡πÅ‡∏£‡∏° =‡∏°‡∏µ‡∏™‡∏±‡∏°‡∏û‡∏±‡∏ô‡∏ò‡πå‡∏ó‡∏≤‡∏á‡∏õ‡∏£‡∏∞‡πÄ‡∏ß‡∏ì‡∏µ,‡∏ú‡∏¥‡∏î,3725/2538,1
44,‡∏ó‡∏ô‡∏≤‡∏¢‡πÇ‡∏à‡∏£,‡πÑ‡∏°‡πà‡∏ú‡∏¥‡∏î,507/2539,0
45,‡πÄ‡∏î‡∏¥‡∏ô‡∏´‡∏≤‡∏Å‡∏¥‡∏ô‡∏à‡∏∏‡πâ‡∏ô‡∏à‡πâ‡∏≤‡∏ô‡∏ó‡∏µ‡πà‡∏®‡∏≤‡∏•‡∏™‡∏≥‡∏ô‡∏±‡∏Å‡∏á‡∏≤‡∏ô‡∏£‡πâ‡∏≤‡∏á‡πÑ‡∏õ‡πÅ‡∏•‡πâ‡∏ß = ‡πÑ‡∏õ‡∏¢‡∏∏‡πà‡∏á‡πÄ‡∏Å‡∏µ‡πà‡∏¢‡∏ß‡∏™‡∏ñ‡∏≤‡∏ô‡∏ó‡∏µ‡πà/‡πÄ‡∏£‡∏∑‡πà‡∏≠‡∏á‡∏ó‡∏µ‡πà‡πÑ‡∏°‡πà‡πÉ‡∏ä‡πà‡∏´‡∏ô‡πâ‡∏≤‡∏ó‡∏µ‡πà‡∏à‡∏ô‡∏ô‡πà‡∏≤‡πÄ‡∏Å‡∏•‡∏µ‡∏¢‡∏î,‡∏ú‡∏¥‡∏î,507/2539,1
46,‡∏°‡∏∂‡∏á‡πÄ‡∏õ‡πá‡∏ô‡πÄ‡∏°‡∏µ‡∏¢‡∏ô‡πâ‡∏≠‡∏¢‡∏™‡∏≤‡∏£‡∏ß‡∏±‡∏ï‡∏£ ‡∏®. ‡∏≠‡∏¢‡πà‡∏≤‡∏°‡∏≤‡∏ó‡∏≥‡πÉ‡∏´‡∏ç‡πà‡πÉ‡∏´‡πâ‡∏Å‡∏π‡πÄ‡∏´‡πá‡∏ô‡∏ô‡∏∞,‡∏ú‡∏¥‡∏î,97/2541,1
47,‡∏°‡∏µ‡∏õ‡∏±‡∏ç‡∏´‡∏≤‡∏Ñ‡∏£‡∏≠‡∏ö‡∏Ñ‡∏£‡∏±‡∏ß ‡∏ó‡∏∞‡πÄ‡∏•‡∏≤‡∏∞‡πÄ‡∏ö‡∏≤‡∏∞‡πÅ‡∏ß‡πâ‡∏á‡∏Å‡∏±‡∏ô ‡∏°‡∏µ‡∏õ‡∏±‡∏ç‡∏´‡∏≤‡∏Å‡∏±‡∏ö‡∏û‡∏ô‡∏±‡∏Å‡∏á‡∏≤‡∏ô‡πÉ‡∏ô‡∏™‡∏≤‡∏Ç‡∏≤‡∏ñ‡∏∂‡∏á‡πÑ‡∏î‡πâ‡∏ñ‡∏π‡∏Å‡∏¢‡πâ‡∏≤‡∏¢‡πÑ‡∏õ‡∏™‡∏≥‡∏ô‡∏±‡∏Å‡∏á‡∏≤‡∏ô‡πÉ‡∏´‡∏ç‡πà‡∏Ñ‡∏á‡∏≠‡∏¢‡∏π‡πà‡πÑ‡∏î‡πâ‡πÑ‡∏°‡πà‡∏ô‡∏≤‡∏ô‡∏ï‡πâ‡∏≠‡∏á‡∏ñ‡∏π‡∏Å‡πÑ‡∏•‡πà‡∏≠‡∏≠‡∏Å,‡∏ú‡∏¥‡∏î,4301/2541,1
48,‡∏ó‡πà‡∏≤‡∏ô‡∏Ñ‡∏£‡∏±‡∏ö‡∏≠‡∏¢‡πà‡∏≤‡∏õ‡∏•‡πà‡∏≠‡∏¢‡πÉ‡∏´‡πâ‡∏Ñ‡∏ô‡∏ä‡∏±‡πà‡∏ß‡∏•‡∏≠‡∏¢‡∏ô‡∏ß‡∏•,‡πÑ‡∏°‡πà‡∏ú‡∏¥‡∏î,2777/2545,0
49,‡∏ô‡∏≠‡∏ô‡∏Å‡∏≠‡∏î‡∏à‡∏π‡∏ö‡∏£‡∏±‡∏Å‡πÉ‡∏Ñ‡∏£‡πà‡∏Å‡∏±‡∏ö‡∏ä‡∏≤‡∏¢ ‡πÑ‡∏î‡πâ‡πÄ‡∏™‡∏µ‡∏¢‡∏Å‡∏±‡∏ô,‡∏ú‡∏¥‡∏î,380/2503,1
50,‡πÄ‡∏à‡πâ‡∏≤‡∏ä‡∏π‡πâ,‡πÑ‡∏°‡πà‡∏ú‡∏¥‡∏î,3015/2543,0
51,‡∏ô‡∏≠‡∏ô‡∏Å‡∏≠‡∏î‡∏à‡∏π‡∏ö‡∏£‡∏±‡∏Å‡πÉ‡∏Ñ‡∏£‡πà‡∏Å‡∏±‡∏ö‡∏ä‡∏≤‡∏¢ ‡πÑ‡∏î‡πâ‡πÄ‡∏™‡∏µ‡∏¢‡∏Å‡∏±‡∏ô‡∏´‡∏£‡∏∑‡∏≠‡πÑ‡∏°‡πà,‡πÑ‡∏°‡πà‡∏ú‡∏¥‡∏î,2155/2531,0
52,‡πÄ‡∏™‡∏∑‡∏≠‡∏Å‡πÇ‡∏á‡πà‡πÄ‡∏≠‡∏á,‡πÑ‡∏°‡πà‡∏ú‡∏¥‡∏î,576/2550,0
53,‡πÄ‡∏´‡∏°‡∏∑‡∏≠‡∏ô‡∏´‡∏°‡∏≤‡∏´‡∏¢‡∏≠‡∏Å‡πÑ‡∏Å‡πà,‡πÑ‡∏°‡πà‡∏ú‡∏¥‡∏î,3015//2553,0
54,‡πÄ‡∏õ‡πá‡∏ô‡∏ö‡∏∏‡∏Ñ‡∏Ñ‡∏•‡∏ß‡∏¥‡∏Å‡∏•‡∏à‡∏£‡∏¥‡∏ï ‡πÄ‡∏õ‡πá‡∏ô‡∏Ñ‡∏ô‡∏ö‡πâ‡∏≤,‡πÑ‡∏°‡πà‡∏ú‡∏¥‡∏î,10189/2546,0
55,‡πÄ‡∏´‡∏°‡∏∑‡∏≠‡∏ô‡∏´‡∏°‡∏≤‡∏ö‡πâ‡∏≤,‡πÑ‡∏°‡πà‡∏ú‡∏¥‡∏î,10189/2546,0
56,‡∏ú‡∏µ‡∏õ‡∏≠‡∏ö,‡πÑ‡∏°‡πà‡∏ú‡∏¥‡∏î,200/2511,0
57,‡∏ä‡∏≤‡∏ï‡∏¥‡∏´‡∏°‡∏≤,‡πÑ‡∏°‡πà‡∏ú‡∏¥‡∏î,200/2511,0
58,‡∏°‡∏µ‡∏Ñ‡∏ß‡∏≤‡∏°‡∏™‡∏±‡∏°‡∏û‡∏±‡∏ô‡∏ò‡πå‡∏ó‡∏≤‡∏á‡∏ä‡∏π‡πâ‡∏™‡∏≤‡∏ß‡∏´‡∏£‡∏∑‡∏≠‡πÑ‡∏°‡πà,‡πÑ‡∏°‡πà‡∏ú‡∏¥‡∏î,2180/2531,0
59,‡∏ó‡∏ô‡∏≤‡∏¢‡∏Ñ‡∏ß‡∏≤‡∏°‡∏£‡∏±‡∏ö‡πÄ‡∏á‡∏¥‡∏ô‡πÄ‡∏Ç‡∏≤‡∏°‡∏≤‡πÅ‡∏•‡πâ‡∏ß‡πÑ‡∏°‡πà‡πÄ‡∏≠‡∏≤‡∏°‡∏≤‡πÉ‡∏´‡πâ‡∏ï‡∏±‡∏ß‡∏Ñ‡∏ß‡∏≤‡∏°,‡∏ú‡∏¥‡∏î,‡∏Å‡∏£‡∏ì‡∏µ‡πÑ‡∏°‡πà‡πÄ‡∏Ç‡πâ‡∏≤‡∏Ç‡πâ‡∏≠‡∏¢‡∏Å‡πÄ‡∏ß‡πâ‡∏ô 329,1
60,‡∏û‡∏≤‡∏ï‡∏≥‡∏£‡∏ß‡∏à‡∏°‡∏≤‡∏à‡∏±‡∏ö ‡∏ï‡∏≥‡∏£‡∏ß‡∏à‡πÄ‡∏£‡∏µ‡∏¢‡∏Å‡∏£‡πâ‡∏≠‡∏á‡πÄ‡∏á‡∏¥‡∏ô‡∏ó‡∏≠‡∏á‡∏´‡∏£‡∏∑‡∏≠‡∏ú‡∏•‡∏õ‡∏£‡∏∞‡πÇ‡∏¢‡∏ä‡∏ô‡πå‡∏≠‡∏¢‡πà‡∏≤‡∏á‡∏≠‡∏∑‡πà‡∏ô‡πÄ‡∏û‡∏∑‡πà‡∏≠‡∏ï‡∏≠‡∏ö‡πÅ‡∏ó‡∏ô,‡∏ú‡∏¥‡∏î,1034/2533,1
61,‡πÄ‡∏•‡∏µ‡πâ‡∏¢‡∏á‡πÇ‡∏à‡∏£ ‡∏•‡∏π‡∏Å‡∏ô‡πâ‡∏≠‡∏á‡πÄ‡∏õ‡πá‡∏ô‡πÇ‡∏à‡∏£ ‡∏ï‡∏±‡πâ‡∏á‡∏ï‡∏±‡∏ß‡πÄ‡∏õ‡πá‡∏ô‡∏´‡∏±‡∏ß‡∏´‡∏ô‡πâ‡∏≤‡πÇ‡∏à‡∏£,‡∏ú‡∏¥‡∏î,858/2523,1
62,‡∏ã‡πà‡∏≠‡∏á‡πÇ‡∏à‡∏£,‡∏ú‡∏¥‡∏î,858/2523,1
63,‡∏Ñ‡∏≥‡πÇ‡∏Ü‡∏©‡∏ì‡∏≤‡∏Ç‡∏≠‡∏á‡∏û‡∏ß‡∏Å‡πÅ‡∏•‡∏∞‡∏û‡∏£‡∏£‡∏Ñ‡∏õ‡∏£‡∏∞‡∏ä‡∏≤‡∏ò‡∏¥‡∏õ‡∏±‡∏ï‡∏¢‡πå‡πÄ‡∏õ‡πá‡∏ô‡∏Å‡∏≤‡∏£‡∏´‡∏•‡∏≠‡∏Å‡∏•‡∏ß‡∏á‡∏£‡∏≤‡∏©‡∏é‡∏£‡πÉ‡∏´‡πâ‡∏´‡∏•‡∏á‡πÄ‡∏ä‡∏∑‡πà‡∏≠,‡πÑ‡∏°‡πà‡∏ú‡∏¥‡∏î,56/2490,0
64,‡∏£‡∏∞‡∏ß‡∏±‡∏á‡∏ó‡∏ô‡∏≤‡∏¢‡∏™‡∏Å‡∏õ‡∏£‡∏Å‡∏à‡∏∞‡πÄ‡∏≠‡∏≤‡πÄ‡∏£‡∏∑‡πà‡∏≠‡∏á,‡πÑ‡∏°‡πà‡∏ú‡∏¥‡∏î,3954/2539,0
65,‡πÄ‡∏ö‡∏µ‡πâ‡∏¢‡∏ß‡∏Ñ‡πà‡∏≤‡πÄ‡∏ü‡∏≠‡∏£‡πå‡∏ô‡∏¥‡πÄ‡∏à‡∏≠‡∏£‡πå ,‡∏ú‡∏¥‡∏î,1068/2537,1
66,‡πÑ‡∏≠‡πâ‡πÄ‡∏´‡∏µ‡πâ‡∏¢ ‡πÑ‡∏≠‡πâ‡∏™‡∏±‡∏ï‡∏ß‡πå‡πÄ‡∏î‡∏£‡∏±‡∏à‡∏â‡∏≤‡∏ô,‡πÑ‡∏°‡πà‡∏ú‡∏¥‡∏î,863/2497,0
67,‡∏≠‡πâ‡∏≤‡∏¢‡∏Ñ‡∏£‡∏π‡∏Å‡∏≥‡∏à‡∏£ ‡∏Ñ‡∏£‡∏π‡∏ä‡∏≤‡∏ï‡∏¥‡∏´‡∏°‡∏≤ ,‡πÑ‡∏°‡πà‡∏ú‡∏¥‡∏î,324/2490,0
68,‡∏™.‡∏™. ‡∏Ç‡∏ö‡∏™‡∏ô‡∏Å‡∏≤‡∏£‡∏õ‡∏•‡∏≤‡∏ó‡∏π,‡πÑ‡∏°‡πà‡∏ú‡∏¥‡∏î,426-427/2520,0
69,‡∏ó‡∏ô‡∏≤‡∏¢‡∏Ñ‡∏ß‡∏≤‡∏°‡πÄ‡∏°‡∏∑‡∏≠‡∏á‡∏£‡πâ‡∏≠‡∏¢‡πÄ‡∏≠‡πá‡∏î ‡∏Ñ‡∏ö‡πÑ‡∏°‡πà‡πÑ‡∏î‡πâ ,‡πÑ‡∏°‡πà‡∏ú‡∏¥‡∏î,295/2505,0
70,‡∏ô‡∏Å‡∏™‡∏≠‡∏á‡∏´‡∏±‡∏ß,‡∏ú‡∏¥‡∏î,295/2505,1
71,‡πÄ‡∏´‡∏¢‡∏µ‡∏¢‡∏°‡πÄ‡∏£‡∏∑‡∏≠‡∏™‡∏≠‡∏á‡πÅ‡∏Ñ‡∏°,‡∏ú‡∏¥‡∏î,295/2505,1
72,‡∏û‡∏£‡∏∞‡∏ß‡∏±‡∏î‡∏ô‡∏µ‡πâ‡πÄ‡∏•‡∏ß‡∏°‡∏≤‡∏Å,‡∏ú‡∏¥‡∏î ,295/2505,1
73,‡∏†‡∏¥‡∏Å‡∏©‡∏∏‡πÄ‡∏õ‡πá‡∏ô‡∏à‡∏¥‡πâ‡∏á‡πÄ‡∏´‡∏•‡∏∑‡∏≠‡∏á‡∏Ñ‡∏∑‡∏≠‡∏™‡∏±‡∏ï‡∏ß‡πå‡∏´‡πà‡∏≠‡∏ú‡πâ‡∏≤‡πÄ‡∏´‡∏•‡∏∑‡∏≠‡∏á,‡πÑ‡∏°‡πà‡∏ú‡∏¥‡∏î,834/2510,0
74,‡∏Ñ‡∏î‡∏µ‡πÑ‡∏°‡πà‡∏ô‡πà‡∏≤‡πÅ‡∏û‡πâ‡πÄ‡∏•‡∏¢ ‡πÄ‡∏à‡πâ‡∏≤‡πÄ‡∏°‡∏∑‡∏≠‡∏á‡∏≠‡∏¢‡πà‡∏≤‡∏á‡∏ô‡∏µ‡πâ‡∏£‡∏≤‡∏©‡∏é‡∏£‡πÑ‡∏î‡πâ‡∏£‡∏±‡∏ö‡∏Ñ‡∏ß‡∏≤‡∏°‡πÄ‡∏î‡∏∑‡∏≠‡∏î‡∏£‡πâ‡∏≠‡∏ô,‡∏ú‡∏¥‡∏î,140/2505,1
75,‡∏à‡∏±‡∏ö‡πÄ‡∏õ‡πá‡∏ô‡∏≠‡∏±‡∏ô‡∏ò‡∏û‡∏≤‡∏•‡∏ó‡∏±‡πâ‡∏á‡∏û‡πà‡∏≠‡∏•‡∏π‡∏Å,‡πÑ‡∏°‡πà‡∏ú‡∏¥‡∏î,1201/2505,0
76,‡πÄ‡∏õ‡πá‡∏ô‡∏ö‡∏∏‡∏Ñ‡∏Ñ‡∏•‡∏ß‡∏¥‡∏Å‡∏•‡∏à‡∏£‡∏¥‡∏ï,‡πÑ‡∏°‡πà‡∏ú‡∏¥‡∏î,530/2515,0
77,‡∏Ç‡∏≠‡∏Ç‡∏≠‡∏ö‡∏Ñ‡∏∏‡∏ì‡∏≠‡∏≤‡∏à‡∏≤‡∏£‡∏¢‡πå‡∏ó‡∏µ‡πà‡∏ä‡πà‡∏ß‡∏¢‡∏£‡∏≤‡∏¢‡∏á‡∏≤‡∏ô‡πÄ‡∏ó‡πá‡∏à,‡∏ú‡∏¥‡∏î,1651/2514,1
78,‡∏Ñ‡∏≥‡∏£‡∏≤‡∏°,‡πÑ‡∏°‡πà‡∏ú‡∏¥‡∏î,1752/2514,0
79,‡∏ú‡∏π‡πâ‡∏ß‡πà‡∏≤‡∏Å‡∏≤‡∏£‡πÄ‡∏Ç‡∏ï 10,‡πÑ‡∏°‡πà‡∏ú‡∏¥‡∏î,1752/2514,0
80,‡∏ô‡∏≤‡∏¢‡∏ó‡∏∏‡∏ô‡∏´‡∏ô‡πâ‡∏≤‡∏î‡πâ‡∏≤‡∏ô ‡∏ô‡πà‡∏≤‡∏≠‡∏±‡∏ö‡∏≠‡∏≤‡∏¢‡∏à‡∏£‡∏¥‡∏á‡πÜ ‡∏≠‡πâ‡∏≤‡∏á‡∏°‡∏±‡πà‡∏ß‡πÜ ‡∏£‡∏π‡πâ‡πÑ‡∏°‡πà‡∏à‡∏£‡∏¥‡∏á‡∏´‡∏£‡∏∑‡∏≠‡πÅ‡∏Å‡∏•‡πâ‡∏á‡πÇ‡∏á‡πà,‡πÑ‡∏°‡πà‡∏ú‡∏¥‡∏î,5276/2562,0
81,‡∏≠‡∏µ‡πÄ‡∏í‡πà‡∏≤‡∏´‡∏±‡∏ß‡∏´‡∏á‡∏≠‡∏Å,‡πÑ‡∏°‡πà‡∏ú‡∏¥‡∏î,8752/2558,0
82,‡∏°‡∏∂‡∏á,‡πÑ‡∏°‡πà‡∏ú‡∏¥‡∏î,8752/2558,0
83,‡∏≠‡∏µ‡πÄ‡∏í‡πà‡∏≤‡∏´‡∏±‡∏ß‡∏´‡∏á‡∏≠‡∏Å ‡∏°‡∏∂‡∏á‡πÄ‡∏Ç‡πâ‡∏≤‡∏ß‡∏±‡∏î‡πÄ‡∏Ç‡πâ‡∏≤‡πÑ‡∏î‡πâ‡πÅ‡∏ï‡πà‡∏ï‡∏µ‡∏ô ‡∏ö‡πà ,‡πÑ‡∏°‡πà‡∏ú‡∏¥‡∏î,8752/2558,0
84,‡∏™‡∏±‡∏°‡∏û‡∏±‡∏ô‡∏ò‡πå‡∏ä‡∏π‡πâ‡∏™‡∏≤‡∏ß‡πÅ‡∏•‡∏∞‡πÄ‡∏Ñ‡∏¢‡∏°‡∏µ‡πÄ‡∏û‡∏®‡∏™‡∏±‡∏°‡∏û‡∏±‡∏ô‡∏ò‡πå‡∏Å‡∏±‡∏ô‡∏°‡∏≤‡∏Å‡πà‡∏≠‡∏ô ,‡∏ú‡∏¥‡∏î,5172/2557,1
1,‡∏î‡πâ‡∏≠‡∏°‡∏ô‡∏±‡πâ‡∏ô‡∏Ñ‡∏∑‡∏≠‡πÄ‡∏Å‡∏¥‡∏ô‡πÄ‡∏¢‡∏µ‡∏¢‡∏ß‡∏¢‡∏≤‡∏°‡∏≤‡∏ô‡∏≤‡∏ô‡∏•‡∏∞‡∏ô‡∏∞  ,‡πÑ‡∏°‡πà‡∏ú‡∏¥‡∏î,‡πÑ‡∏°‡πà‡∏£‡∏∞‡∏ö‡∏∏,0
2,‡∏ó‡∏≥‡∏≠‡∏∞‡πÑ‡∏£‡∏õ‡∏±‡∏ç‡∏ç‡∏≤‡∏≠‡πà‡∏≠‡∏ô‡∏ï‡∏±‡πâ‡∏á‡πÅ‡∏ï‡πà‡∏ã‡∏∑‡πâ‡∏≠‡∏≠‡∏¥‡∏´‡∏ô‡∏°‡∏õ‡∏±‡∏á,‡πÑ‡∏°‡πà‡∏ú‡∏¥‡∏î,‡πÑ‡∏°‡πà‡∏£‡∏∞‡∏ö‡∏∏,0
3,‡∏™‡πà‡∏≠‡∏á‡πÄ‡∏à‡∏≠‡∏ß‡πà‡∏≤‡πÄ‡∏ï‡∏á‡∏ô‡πà‡∏≤‡∏™‡∏°‡πÄ‡∏û‡∏ä ,‡πÑ‡∏°‡πà‡∏ú‡∏¥‡∏î,‡πÑ‡∏°‡πà‡∏£‡∏∞‡∏ö‡∏∏,0
4,‡∏ó‡∏µ‡πà‡πÄ‡∏£‡∏µ‡∏¢‡∏ô‡∏¢‡∏±‡∏á‡πÑ‡∏°‡πà‡∏£‡∏π‡πâ‡∏à‡∏∞‡∏°‡∏µ‡∏°‡∏±‡πâ‡∏¢,‡πÑ‡∏°‡πà‡∏ú‡∏¥‡∏î,‡πÑ‡∏°‡πà‡∏£‡∏∞‡∏ö‡∏∏,0
5,‡∏°‡∏µ‡∏õ‡∏±‡∏ç‡∏´‡∏≤‡∏Å‡πá‡πÑ‡∏°‡πà‡∏Å‡∏•‡πâ‡∏≤‡πÄ‡∏•‡πà‡∏≤‡πÉ‡∏´‡πâ‡∏ü‡∏±‡∏á‡πÄ‡∏õ‡πá‡∏ô‡πÄ‡∏™‡πâ‡∏≤,‡πÑ‡∏°‡πà‡∏ú‡∏¥‡∏î,‡πÑ‡∏°‡πà‡∏£‡∏∞‡∏ö‡∏∏,0
6,‡πÅ‡∏ï‡πà‡∏¢‡∏±‡∏á‡∏°‡∏≤‡∏Ç‡∏≥‡∏Å‡∏±‡∏ö‡∏Ñ‡∏ô‡∏ó‡∏µ‡πà‡πÇ‡∏î‡∏ô‡πÇ‡∏ä‡πÄ‡∏ä‡∏µ‡∏¢‡∏•‡∏ö‡∏π‡∏•‡∏•‡∏µ‡πà,‡πÑ‡∏°‡πà‡∏ú‡∏¥‡∏î,‡πÑ‡∏°‡πà‡∏£‡∏∞‡∏ö‡∏∏,0
7,‡∏ó‡∏±‡πâ‡∏á‡∏ó‡∏µ‡πà‡πÑ‡∏°‡πà‡πÑ‡∏î‡πâ‡∏ó‡∏≥‡∏≠‡∏∞‡πÑ‡∏£‡∏ú‡∏¥‡∏î ‡πÑ‡∏°‡πà‡∏£‡∏π‡πâ‡∏°‡∏µ‡∏≠‡∏∞‡πÑ‡∏£‡πÉ‡∏´‡πâ‡∏Ç‡∏≥,‡πÑ‡∏°‡πà‡∏ú‡∏¥‡∏î,‡πÑ‡∏°‡πà‡∏£‡∏∞‡∏ö‡∏∏,0
8,‡πÄ‡∏£‡∏≤‡πÇ‡∏û‡∏™‡πÄ‡∏ü‡∏™‡∏ö‡∏∏‡πä‡∏Ñ‡∏™‡πà‡∏ß‡∏ô‡∏ï‡∏±‡∏ß ,‡πÑ‡∏°‡πà‡∏ú‡∏¥‡∏î,‡πÑ‡∏°‡πà‡∏£‡∏∞‡∏ö‡∏∏,0
9,‡πÑ‡∏°‡πà‡πÑ‡∏î‡πâ‡πÄ‡∏≠‡πà‡∏¢‡∏ä‡∏∑‡πà‡∏≠ ‡∏ú‡∏¥‡∏î‡∏´‡∏°‡∏¥‡πà‡∏ô‡∏õ‡∏£‡∏∞‡∏°‡∏≤‡∏ó‡πÑ‡∏´‡∏°‡∏Ñ‡∏∞,‡πÑ‡∏°‡πà‡∏ú‡∏¥‡∏î,‡πÑ‡∏°‡πà‡∏£‡∏∞‡∏ö‡∏∏,0
10,‡∏ï‡∏≠‡∏ô‡∏ô‡∏µ‡πâ‡∏ñ‡∏π‡∏Å‡πÅ‡∏à‡πâ‡∏á‡∏Ç‡πâ‡∏≠‡∏´‡∏≤‡∏´‡∏°‡∏¥‡πà‡∏ô‡∏õ‡∏£‡∏∞‡∏°‡∏≤‡∏ó‡πÇ‡∏î‡∏¢‡∏Å‡∏≤‡∏£‡πÇ‡∏Ü‡∏©‡∏ì‡∏≤ ,‡∏ú‡∏¥‡∏î,‡πÑ‡∏°‡πà‡∏£‡∏∞‡∏ö‡∏∏,1
11,‡∏Ñ‡∏π‡πà‡∏Å‡∏£‡∏ì‡∏µ‡πÑ‡∏õ‡πÅ‡∏à‡πâ‡∏á‡∏Ñ‡∏ß‡∏≤‡∏°‡πÅ‡∏•‡πâ‡∏ß ‡πÅ‡∏ï‡πà‡∏¢‡∏±‡∏á‡πÑ‡∏°‡πà‡πÑ‡∏î‡πâ‡∏£‡∏±‡∏ö‡∏´‡∏ô‡∏±‡∏á‡∏™‡∏∑‡∏≠‡πÄ‡∏î‡∏¥‡∏ô‡∏ó‡∏≤‡∏á‡πÑ‡∏õ‡∏£‡∏±‡∏ö‡∏ó‡∏£‡∏≤‡∏ö‡∏Ç‡πâ‡∏≠‡∏Å‡∏•‡πà‡∏≤‡∏ß‡∏´‡∏≤‡∏à‡∏≤‡∏Å‡∏ï‡∏≥‡∏£‡∏ß‡∏à ‡πÅ‡∏•‡∏∞‡πÑ‡∏î‡πâ‡∏ó‡∏≥‡∏Å‡∏≤‡∏£‡∏Ç‡∏≠‡πÇ‡∏ó‡∏©‡∏Ñ‡∏π‡πà‡∏Å‡∏£‡∏ì‡∏µ‡πÅ‡∏•‡πâ‡∏ß,‡πÑ‡∏°‡πà‡∏ú‡∏¥‡∏î,‡πÑ‡∏°‡πà‡∏£‡∏∞‡∏ö‡∏∏,0
12,"‡πÅ‡∏ï‡πà‡∏Ñ‡∏π‡πà‡∏Å‡∏£‡∏ì‡∏µ‡πÑ‡∏°‡πà‡∏¢‡∏≠‡∏° ‡∏¢‡∏∑‡πà‡∏ô‡∏Ç‡πâ‡∏≠‡πÄ‡∏™‡∏ô‡∏≠ 10,000 ‡πÉ‡∏´‡πâ‡∏Ñ‡∏π‡πà‡∏Å‡∏£‡∏ì‡∏µ‡πÅ‡∏•‡πâ‡∏ß‡πÅ‡∏ï‡πà‡∏Å‡πá‡∏¢‡∏±‡∏á‡πÑ‡∏°‡πà‡∏¢‡∏≠‡∏°",‡πÑ‡∏°‡πà‡∏ú‡∏¥‡∏î,‡πÑ‡∏°‡πà‡∏£‡∏∞‡∏ö‡∏∏,0
13,‡∏°‡πâ‡∏≤‡∏î‡∏µ‡∏î‡∏£‡∏∂ ‡πÇ‡∏û‡∏™‡∏î‡πà‡∏≤‡πÄ‡∏Ç‡∏≤‡πÑ‡∏õ‡∏ó‡∏±‡πà‡∏ß,‡πÑ‡∏°‡πà‡∏ú‡∏¥‡∏î,‡πÑ‡∏°‡πà‡∏£‡∏∞‡∏ö‡∏∏,0
14,‡∏Å‡∏π‡∏õ‡∏•‡πà‡∏≠‡∏¢‡πÉ‡∏´‡πâ‡πÄ‡∏Ç‡∏≤‡∏≠‡∏¢‡∏π‡πà‡πÅ‡∏ö‡∏ö‡∏≠‡∏î‡πÜ‡∏¢‡∏≤‡∏Å‡πÜ‡πÑ‡∏°‡πà‡πÑ‡∏î‡πâ,‡πÑ‡∏°‡πà‡∏ú‡∏¥‡∏î,‡πÑ‡∏°‡πà‡∏£‡∏∞‡∏ö‡∏∏,0
15,‡∏≠‡∏¢‡πà‡∏≤‡∏•‡∏≥‡∏ö‡∏≤‡∏Å‡∏ö‡∏ô‡∏´‡∏±‡∏ß‡∏Ñ‡∏ô‡∏≠‡∏∑‡πà‡∏ô‡πÄ‡∏•‡∏¢ ,‡πÑ‡∏°‡πà‡∏ú‡∏¥‡∏î,‡πÑ‡∏°‡πà‡∏£‡∏∞‡∏ö‡∏∏,0
16,‡∏≠‡∏¢‡πà‡∏≤‡∏´‡∏≤‡∏¢‡∏∑‡∏°‡πÅ‡∏ï‡πà‡∏Ç‡∏≠‡∏á‡∏Ñ‡∏ô‡∏≠‡∏∑‡πà‡∏ô‡πÉ‡∏ä‡πâ ‡πÄ‡∏Ç‡∏≤‡∏à‡∏∞‡∏î‡πà‡∏≤‡∏ï‡∏≤‡∏°‡∏´‡∏•‡∏±‡∏á‡πÄ‡∏≠‡∏≤‡∏ô‡πä‡∏≤,‡πÑ‡∏°‡πà‡∏ú‡∏¥‡∏î,‡πÑ‡∏°‡πà‡∏£‡∏∞‡∏ö‡∏∏,0
17,‡∏ñ‡πâ‡∏≤‡∏°‡∏µ‡∏Ñ‡∏ô‡∏û‡∏π‡∏î‡πÄ‡∏£‡∏∑‡πà‡∏≠‡∏á‡πÑ‡∏°‡πà‡∏î‡∏µ‡∏Ç‡∏≠‡∏á‡πÄ‡∏£‡∏≤‡πÉ‡∏´‡πâ‡∏Ñ‡∏ô‡∏≠‡∏∑‡πà‡∏ô‡∏ü‡∏±‡∏á ‡πÄ‡∏£‡∏∑‡πà‡∏≠‡∏á‡∏ó‡∏µ‡πà‡πÄ‡∏Ñ‡πâ‡∏≤‡∏û‡∏π‡∏î‡∏Ñ‡∏∑‡∏≠‡πÄ‡∏£‡∏∑‡πà‡∏≠‡∏á‡∏à‡∏¥‡∏á ‡∏ó‡∏≥‡πÉ‡∏´‡πâ‡πÄ‡∏£‡∏≤‡∏≠‡∏±‡∏ö‡∏≠‡∏≤‡∏¢‡∏°‡∏≤‡∏Å‡πÄ‡∏£‡∏≤‡∏ü‡πâ‡∏≠‡∏á‡πÄ‡∏Ñ‡πâ‡∏≤‡πÑ‡∏î‡πâ‡∏°‡∏±‡πâ‡∏¢ ‡∏°‡∏µ‡πà‡πÄ‡∏≠‡∏≤‡πÄ‡∏£‡∏∑‡πà‡∏≠‡∏á‡πÄ‡∏£‡∏≤‡∏°‡∏≤‡∏û‡∏π‡∏î,‡∏ú‡∏¥‡∏î,‡πÑ‡∏°‡πà‡∏£‡∏∞‡∏ö‡∏∏,1
18,‡∏Å‡∏£‡∏£‡∏°‡∏Å‡∏≤‡∏£‚Äã ‡πÄ‡∏à‡πâ‡∏≤‡∏≠‡∏≤‡∏ß‡∏≤‡∏™‚Äã ‡πÄ‡∏à‡∏≠‡∏Å‡∏π‡πÅ‡∏ô‡πà‡∏õ‡∏•‡πà‡∏≠‡∏¢‡πÑ‡∏ß‡πâ‡πÅ‡∏•‡πâ‡∏ß‡πÑ‡∏î‡πâ‡πÉ‡∏à ‡πÄ‡∏û‡∏£‡∏≤‡∏∞‡∏°‡∏µ‡∏Å‡∏≤‡∏£‡∏ï‡∏±‡∏î‡πÑ‡∏°‡πâ‡∏û‡∏¢‡∏∏‡∏á‡πÅ‡∏ï‡πà‡πÑ‡∏°‡πà‡πÅ‡∏à‡πâ‡∏á‡πÄ‡∏ï‡∏∑‡∏≠‡∏ô‡πÉ‡∏´‡πâ‡∏Ñ‡∏ô‡πÉ‡∏ô‡∏ä‡∏∏‡∏°‡∏ä‡∏ô‡πÑ‡∏î‡πâ‚Äã‡∏£‡∏±‡∏ö‡∏£‡∏π‡πâ‚Äã,‡πÑ‡∏°‡πà‡∏ú‡∏¥‡∏î,‡πÑ‡∏°‡πà‡∏£‡∏∞‡∏ö‡∏∏,0
19,‡πÅ‡∏°‡πà‡∏Ñ‡πâ‡∏≤‡πÉ‡∏à‡πÅ‡∏Ñ‡∏ö‡∏°‡∏≤‡∏Å,‡πÑ‡∏°‡πà‡∏ú‡∏¥‡∏î,‡πÑ‡∏°‡πà‡∏£‡∏∞‡∏ö‡∏∏,0
20,‡πÑ‡∏°‡πà‡∏™‡∏≤‡∏°‡∏≤‡∏£‡∏ñ‡πÄ‡∏≠‡∏≤‡∏≠‡∏≤‡∏´‡∏≤‡∏£‡∏£‡πâ‡∏≤‡∏ô‡∏≠‡∏∑‡πà‡∏ô‡∏°‡∏≤‡∏ô‡∏±‡πà‡∏á‡∏ó‡∏≤‡∏ô‡πÑ‡∏õ‡∏î‡πâ‡∏ß‡∏¢‡πÑ‡∏î‡πâ‡∏ô‡∏∞‡∏Ñ‡∏∞,‡πÑ‡∏°‡πà‡∏ú‡∏¥‡∏î,‡πÑ‡∏°‡πà‡∏£‡∏∞‡∏ö‡∏∏,0
21,‡πÄ‡∏≠‡∏≤‡πÄ‡∏ß‡∏•‡∏≤‡∏ó‡∏µ‡πà‡πÄ‡∏´‡∏•‡∏∑‡∏≠ ‡∏≠‡∏¢‡∏π‡πà‡∏Å‡∏±‡∏ö‡∏ú‡∏±‡∏ß‡∏ó‡∏µ‡πà‡πÅ‡∏™‡∏ô‡∏î‡∏µ‡∏Ç‡∏≠‡∏á‡∏°‡∏∂‡∏á‡∏î‡∏µ‡∏Å‡∏ß‡πà‡∏≤‡πÑ‡∏´‡∏°,‡πÑ‡∏°‡πà‡∏ú‡∏¥‡∏î,‡πÑ‡∏°‡πà‡∏£‡∏∞‡∏ö‡∏∏,0
22,‡∏°‡∏∂‡∏á‡∏°‡∏±‡∏ô‡πÅ‡∏û‡πâ‡∏ï‡∏±‡πâ‡∏á‡πÅ‡∏ï‡πà‡πÄ‡∏£‡∏¥‡πà‡∏°‡∏ï‡πâ‡∏ô ,‡πÑ‡∏°‡πà‡∏ú‡∏¥‡∏î,‡πÑ‡∏°‡πà‡∏£‡∏∞‡∏ö‡∏∏,0
23,‡∏Å‡∏π‡∏™‡∏á‡∏™‡∏≤‡∏£‡∏ú‡∏±‡∏ß‡∏°‡∏∂‡∏á‡∏à‡∏£‡∏¥‡∏á‡πÜ ‡∏°‡∏µ‡πÄ‡∏°‡∏µ‡∏¢‡πÅ‡∏ö‡∏ö‡∏°‡∏∂‡∏á,‡πÑ‡∏°‡πà‡∏ú‡∏¥‡∏î,‡πÑ‡∏°‡πà‡∏£‡∏∞‡∏ö‡∏∏,0
24,‡πÄ‡∏≠‡∏≤‡πÄ‡∏ß‡∏•‡∏≤‡πÑ‡∏õ‡∏™‡∏£‡πâ‡∏≤‡∏á‡∏ï‡∏±‡∏ß‡∏à‡∏∞‡∏î‡∏µ‡∏Å‡∏ß‡πà‡∏≤‡∏°‡∏≤‡∏Å,‡πÑ‡∏°‡πà‡∏ú‡∏¥‡∏î,‡πÑ‡∏°‡πà‡∏£‡∏∞‡∏ö‡∏∏,0
25,‡∏°‡∏∂‡∏á‡∏ó‡∏≥‡πÉ‡∏´‡πâ‡∏ï‡∏≤‡∏¢‡∏Å‡πá‡∏Ñ‡∏á‡∏°‡∏≤‡πÄ‡∏õ‡πá‡∏ô‡∏ï‡∏±‡∏ß‡∏Å‡∏π‡πÑ‡∏°‡πà‡πÑ‡∏î‡πâ‡∏´‡∏£‡∏≠‡∏Å,‡πÑ‡∏°‡πà‡∏ú‡∏¥‡∏î,‡πÑ‡∏°‡πà‡∏£‡∏∞‡∏ö‡∏∏,0
26,‡∏î‡∏π‡∏ñ‡∏π‡∏Å ,‡πÑ‡∏°‡πà‡∏ú‡∏¥‡∏î,‡πÑ‡∏°‡πà‡∏£‡∏∞‡∏ö‡∏∏,0
27,‡∏£‡∏π‡πâ‡∏ï‡∏±‡∏ß‡∏ß‡πà‡∏≤‡πÅ‡∏û‡πâ‡∏ó‡∏≥‡πÑ‡∏°‡∏¢‡∏±‡∏á‡πÑ‡∏°‡πà‡∏´‡∏¢‡∏∏‡∏î,‡πÑ‡∏°‡πà‡∏ú‡∏¥‡∏î,‡πÑ‡∏°‡πà‡∏£‡∏∞‡∏ö‡∏∏,0
28,‡πÑ‡∏°‡πà‡∏°‡∏µ‡∏ß‡∏±‡∏ô‡∏ä‡∏ô‡∏∞‡∏´‡∏£‡∏≠‡∏Å‡∏à‡∏≥‡πÑ‡∏ß‡πâ ,‡πÑ‡∏°‡πà‡∏ú‡∏¥‡∏î,‡πÑ‡∏°‡πà‡∏£‡∏∞‡∏ö‡∏∏,0
29,‡∏ï‡∏ö‡πÑ‡∏õ‡∏Å‡πá‡∏ï‡∏≤‡∏¢‡πÄ‡∏õ‡∏•‡πà‡∏≤,‡πÑ‡∏°‡πà‡∏ú‡∏¥‡∏î,‡πÑ‡∏°‡πà‡∏£‡∏∞‡∏ö‡∏∏,0
30,‡∏°‡∏±‡∏ô ‡∏î‡πà‡∏≤‡∏Å‡∏±‡∏ô‡πÑ‡∏õ ‡∏î‡πà‡∏≤‡∏Å‡∏±‡∏ô‡∏°‡∏≤ ,‡πÑ‡∏°‡πà‡∏ú‡∏¥‡∏î,‡πÑ‡∏°‡πà‡∏£‡∏∞‡∏ö‡∏∏,0
31,‡πÅ‡∏ï‡πà‡∏Å‡πá‡πÑ‡∏î‡πâ‡πÅ‡∏Ñ‡πà‡∏î‡πà‡∏≤ ‡∏ó‡∏±‡∏Å‡πÅ‡∏ä‡∏ó‡πÑ‡∏õ‡∏Å‡πá‡πÄ‡∏™‡∏µ‡∏¢‡πÄ‡∏õ‡∏•‡πà‡∏≤,‡πÑ‡∏°‡πà‡∏ú‡∏¥‡∏î,‡πÑ‡∏°‡πà‡∏£‡∏∞‡∏ö‡∏∏,0
32,‡∏ï‡∏≠‡∏ö‡∏Å‡∏π‡∏ô‡∏µ‡πà‡πÄ‡∏•‡∏ô‡πÉ‡∏ï‡πâ‡∏Ñ‡∏≠‡∏°‡πÄ‡∏°‡πâ‡∏ô,‡πÑ‡∏°‡πà‡∏ú‡∏¥‡∏î,‡πÑ‡∏°‡πà‡∏£‡∏∞‡∏ö‡∏∏,0
33,‡πÄ‡∏Å‡πà‡∏á‡πÉ‡∏´‡πâ‡∏ï‡∏•‡∏≠‡∏î‡∏ô‡∏∞‡∏Ñ‡∏£‡∏±‡∏ö,‡πÑ‡∏°‡πà‡∏ú‡∏¥‡∏î,‡πÑ‡∏°‡πà‡∏£‡∏∞‡∏ö‡∏∏,0
34,‡∏û‡∏ß‡∏Å‡∏™‡∏±‡∏°‡πÄ‡∏ß‡∏™‡∏µ‡∏ö‡∏±‡∏á‡∏≠‡∏≤‡∏à‡∏à‡∏∞‡∏Ç‡∏±‡∏ö‡∏£‡∏ñ‡∏ä‡∏ô‡πÄ‡∏°‡∏µ‡∏¢‡∏Å‡∏π,‡πÑ‡∏°‡πà‡∏ú‡∏¥‡∏î,‡πÑ‡∏°‡πà‡∏£‡∏∞‡∏ö‡∏∏,0
35,‡πÑ‡∏õ‡∏à‡πà‡∏≤‡∏¢‡∏Ñ‡πà‡∏≤‡∏á‡∏ß‡∏î‡∏£‡∏ñ‡∏ó‡∏µ‡πà‡∏Ñ‡πâ‡∏≤‡∏á‡∏Å‡πà‡∏≠‡∏ô‡πÄ‡∏Ñ‡πâ‡∏≤‡∏à‡∏∞‡∏°‡∏≤‡∏¢‡∏∂‡∏î‡∏°‡∏±‡πâ‡∏¢,‡πÑ‡∏°‡πà‡∏ú‡∏¥‡∏î,‡πÑ‡∏°‡πà‡∏£‡∏∞‡∏ö‡∏∏,0
36,‡∏≠‡∏≤‡∏¢‡∏´‡∏°‡∏≤‡∏ô‡∏∞,‡πÑ‡∏°‡πà‡∏ú‡∏¥‡∏î,‡πÑ‡∏°‡πà‡∏£‡∏∞‡∏ö‡∏∏,0
37,‡∏Å‡∏π‡∏°‡∏µ‡∏õ‡∏£‡∏∞‡∏Å‡∏±‡∏ô‡∏†‡∏±‡∏¢‡∏ä‡∏±‡πâ‡∏ô‡∏´‡∏ô‡∏∂‡πà‡∏á,‡πÑ‡∏°‡πà‡∏ú‡∏¥‡∏î,‡πÑ‡∏°‡πà‡∏£‡∏∞‡∏ö‡∏∏,0
38,‡∏Å‡∏π‡∏Å‡πá‡∏≠‡∏¢‡∏≤‡∏Å‡πÄ‡∏à‡∏≠‡πÄ‡∏´‡∏°‡∏∑‡∏≠‡∏ô‡∏Å‡∏±‡∏ô,‡πÑ‡∏°‡πà‡∏ú‡∏¥‡∏î,‡πÑ‡∏°‡πà‡∏£‡∏∞‡∏ö‡∏∏,0
39,‡∏≠‡∏µ‡πÄ‡∏î‡πá‡∏Å‡πÄ‡∏°‡∏∑‡πà‡∏≠‡∏ß‡∏≤‡∏ô‡∏ã‡∏∑‡∏ô,‡πÑ‡∏°‡πà‡∏ú‡∏¥‡∏î,‡πÑ‡∏°‡πà‡∏£‡∏∞‡∏ö‡∏∏,0
40,‡∏ó‡∏µ‡πà‡∏Å‡∏µ‡πà‡∏ú‡∏±‡∏ß‡∏Å‡πá‡∏ñ‡∏π‡∏Å‡∏ó‡∏¥‡πâ‡∏á,‡πÑ‡∏°‡πà‡∏ú‡∏¥‡∏î,‡πÑ‡∏°‡πà‡∏£‡∏∞‡∏ö‡∏∏,0
41,‡∏à‡∏±‡∏ç‡πÑ‡∏£‡∏à‡∏£‡∏¥‡∏á‡∏û‡∏ß‡∏Å‡∏°‡∏∂‡∏á,‡∏ú‡∏¥‡∏î,‡πÑ‡∏°‡πà‡∏£‡∏∞‡∏ö‡∏∏,1
42,‡πÄ‡∏°‡∏µ‡∏¢‡∏Å‡∏π‡πÉ‡∏Ñ‡∏£‡∏≠‡∏¢‡πà‡∏≤‡πÄ‡∏ï‡∏∞,‡πÑ‡∏°‡πà‡∏ú‡∏¥‡∏î,‡πÑ‡∏°‡πà‡∏£‡∏∞‡∏ö‡∏∏,0
43,‡∏à‡∏≥‡πÉ‡∏´‡πâ‡∏Ç‡∏∂‡πâ‡∏ô‡∏™‡∏°‡∏≠‡∏á‡∏ô‡∏∞‡∏°‡∏∂‡∏á,‡πÑ‡∏°‡πà‡∏ú‡∏¥‡∏î,‡πÑ‡∏°‡πà‡∏£‡∏∞‡∏ö‡∏∏,0
44,‡∏≠‡∏µ‡∏™‡∏™‡∏≤‡∏°‡∏ï‡∏±‡∏ß,‡πÑ‡∏°‡πà‡∏ú‡∏¥‡∏î,‡πÑ‡∏°‡πà‡∏£‡∏∞‡∏ö‡∏∏,0
45,‡∏≠‡∏¥‡∏ä‡∏≤‡∏ï‡∏¥‡∏ä‡∏±‡πà‡∏ß,‡∏ú‡∏¥‡∏î,‡πÑ‡∏°‡πà‡∏£‡∏∞‡∏ö‡∏∏,1
46,‡πÄ‡∏Å‡πà‡∏á‡πÅ‡∏ï‡πà‡∏õ‡∏≤‡∏Å,‡πÑ‡∏°‡πà‡∏ú‡∏¥‡∏î,‡πÑ‡∏°‡πà‡∏£‡∏∞‡∏ö‡∏∏,0
47,‡∏ú‡∏±‡∏ß‡∏ó‡∏¥‡πâ‡∏á‡∏ó‡πâ‡∏≠‡∏á‡∏ï‡∏±‡πâ‡∏á‡πÅ‡∏ï‡πà‡πÄ‡∏£‡∏µ‡∏¢‡∏ô‡πÑ‡∏°‡πà‡∏à‡∏ö,‡∏ú‡∏¥‡∏î,‡πÑ‡∏°‡πà‡∏£‡∏∞‡∏ö‡∏∏,1
48,‡∏≠‡∏≤‡∏¢‡∏´‡∏°‡∏≤‡∏ô‡∏∞,‡πÑ‡∏°‡πà‡∏ú‡∏¥‡∏î,‡πÑ‡∏°‡πà‡∏£‡∏∞‡∏ö‡∏∏,0
49,‡∏Ñ‡∏ô‡∏ó‡∏µ‡πà‡πÑ‡∏°‡πà‡∏°‡∏µ‡∏ó‡∏µ‡πà‡∏ã‡∏∏‡∏Å‡∏´‡∏±‡∏ß‡∏ô‡∏≠‡∏ô‡∏Ñ‡∏∑‡∏≠‡∏û‡∏ß‡∏Å‡∏°‡∏∂‡∏á,‡πÑ‡∏°‡πà‡∏ú‡∏¥‡∏î,‡πÑ‡∏°‡πà‡∏£‡∏∞‡∏ö‡∏∏,0
50,‡∏Ñ‡∏ô‡πÄ‡∏Ñ‡πâ‡∏≤‡∏•‡∏∑‡∏≠‡∏ó‡∏±‡πâ‡∏á‡∏´‡∏°‡∏π‡πà‡∏ö‡πâ‡∏≤‡∏ô‡∏¢‡∏±‡∏á‡∏î‡πâ‡∏≤‡∏ô‡∏≠‡∏µ‡∏Å,‡πÑ‡∏°‡πà‡∏ú‡∏¥‡∏î,‡πÑ‡∏°‡πà‡∏£‡∏∞‡∏ö‡∏∏,0
51,‡∏Å‡∏π‡∏•‡πà‡∏∞‡πÄ‡∏ä‡∏∑‡πà‡∏≠‡πÄ‡∏•‡∏¢,‡πÑ‡∏°‡πà‡∏ú‡∏¥‡∏î,‡πÑ‡∏°‡πà‡∏£‡∏∞‡∏ö‡∏∏,0
52,‡∏≠‡∏¥‡πÉ‡∏à‡∏´‡∏°‡∏≤,‡πÑ‡∏°‡πà‡∏ú‡∏¥‡∏î,‡πÑ‡∏°‡πà‡∏£‡∏∞‡∏ö‡∏∏,0
53,‡∏ó‡∏µ‡∏ô‡∏µ‡πâ‡∏Å‡∏π‡πÑ‡∏°‡πà‡∏õ‡∏•‡πà‡∏≠‡∏¢‡∏°‡∏∂‡∏á‡πÅ‡∏ô‡πà,‡πÑ‡∏°‡πà‡∏ú‡∏¥‡∏î,‡πÑ‡∏°‡πà‡∏£‡∏∞‡∏ö‡∏∏,0
54,‡∏™‡∏≤‡∏°‡∏±‡∏ç‡∏™‡∏≥‡∏ô‡∏∂‡∏Å‡∏Å‡πá‡∏´‡∏≤‡πÑ‡∏°‡πà‡∏°‡∏µ,‡πÑ‡∏°‡πà‡∏ú‡∏¥‡∏î,‡πÑ‡∏°‡πà‡∏£‡∏∞‡∏ö‡∏∏,0
55,‡πÄ‡∏î‡∏µ‡∏¢‡∏ß‡∏à‡∏∞‡πÅ‡∏ß‡∏∞‡∏°‡∏≤‡πÄ‡∏•‡πà‡∏≤‡πÄ‡∏£‡∏∑‡πà‡∏≠‡∏á‡∏ô‡∏≤‡∏á‡πÄ‡∏≠‡∏Å ‡∏Å. ‡∏≠‡∏î‡∏µ‡∏ï‡∏î‡∏≤‡∏ß‡∏¢‡∏±‡πà‡∏ß‡πÄ‡∏Ç‡∏≤‡∏Ñ‡πâ‡∏≠,‡πÑ‡∏°‡πà‡∏ú‡∏¥‡∏î,‡πÑ‡∏°‡πà‡∏£‡∏∞‡∏ö‡∏∏,0
56,‡∏ô‡∏≤‡∏á‡πÄ‡∏≠‡∏Å ‡∏Å. ‡∏´‡∏•‡∏≠‡∏ô‡∏¢‡∏≤‡∏´‡∏ô‡∏±‡∏Å,‡∏ú‡∏¥‡∏î,‡πÑ‡∏°‡πà‡∏£‡∏∞‡∏ö‡∏∏,1
57,‡∏õ‡∏±‡πà‡∏ô‡∏õ‡∏£‡∏∞‡∏™‡∏≤‡∏ó‡∏ä‡∏≤‡∏ß‡∏õ‡∏£‡∏∞‡∏ä‡∏≤,‡∏ú‡∏¥‡∏î,‡πÑ‡∏°‡πà‡∏£‡∏∞‡∏ö‡∏∏,1
58,‡∏Ñ‡∏ß‡∏≤‡∏°‡∏ö‡πâ‡∏≤‡∏¢‡∏∑‡∏ô1,‡∏ú‡∏¥‡∏î,‡πÑ‡∏°‡πà‡∏£‡∏∞‡∏ö‡∏∏,1
59,‡πÄ‡∏û‡∏£‡∏≤‡∏∞‡πÄ‡∏ò‡∏≠‡∏û‡∏∂‡πà‡∏á‡πÅ‡∏ï‡πà‡∏™‡∏¥‡πà‡∏á‡πÄ‡∏™‡∏û‡∏ï‡∏¥‡∏î,‡∏ú‡∏¥‡∏î,‡πÑ‡∏°‡πà‡∏£‡∏∞‡∏ö‡∏∏,1
60,‡∏≠‡∏¢‡πà‡∏≤‡πÉ‡∏´‡πâ‡πÅ‡∏°‡πà‡∏ï‡πâ‡∏≠‡∏á‡∏£‡πâ‡∏≤‡∏¢1,‡πÑ‡∏°‡πà‡∏ú‡∏¥‡∏î,‡πÑ‡∏°‡πà‡∏£‡∏∞‡∏ö‡∏∏,0
61,‡πÑ‡∏°‡πà‡∏°‡∏µ‡πÉ‡∏Ñ‡∏£‡πÑ‡∏≠‡∏Ñ‡∏¥‡∏ß‡∏ï‡πà‡∏≥‡∏Å‡∏ß‡πà‡∏≤‡∏°‡∏∂‡∏á‡πÅ‡∏•‡πâ‡∏ß‡∏Ñ‡πà‡∏∞,‡∏ú‡∏¥‡∏î,‡πÑ‡∏°‡πà‡∏£‡∏∞‡∏ö‡∏∏,1
62,‡πÄ‡∏û‡∏£‡∏≤‡∏∞‡∏â‡∏∞‡∏ô‡∏±‡πâ‡∏ô‡∏ñ‡πâ‡∏≤‡∏°‡∏µ‡πÉ‡∏Ñ‡∏£‡∏™‡∏±‡∏Å‡∏Ñ‡∏ô‡∏ó‡∏µ‡πà‡πÇ‡∏á‡πà ‡∏Å‡πá‡πÑ‡∏°‡πà‡πÇ‡∏á‡πà‡πÄ‡∏ó‡πà‡∏≤‡∏°‡∏∂‡∏á,‡πÑ‡∏°‡πà‡∏ú‡∏¥‡∏î,‡πÑ‡∏°‡πà‡∏£‡∏∞‡∏ö‡∏∏,0
63,‡∏≠‡πà‡∏≠‡∏≠‡∏≤‡∏à‡∏°‡∏µ‡πÅ‡∏°‡πà‡∏°‡∏∂‡∏á‡∏ô‡∏∞‡∏Ñ‡∏∞‡∏ó‡∏µ‡πà‡πÇ‡∏á‡πà‡∏Å‡∏ß‡πà‡∏≤,‡πÑ‡∏°‡πà‡∏ú‡∏¥‡∏î,‡πÑ‡∏°‡πà‡∏£‡∏∞‡∏ö‡∏∏,0
64,‡∏ñ‡∏∂‡∏á‡∏ï‡∏Å‡∏•‡∏π‡∏Å‡∏≠‡∏≠‡∏Å‡πÄ‡∏õ‡πá‡∏ô‡∏ï‡∏±‡∏ß‡πÄ‡∏´‡∏µ‡πâ‡∏¢,‡πÑ‡∏°‡πà‡∏ú‡∏¥‡∏î,‡πÑ‡∏°‡πà‡∏£‡∏∞‡∏ö‡∏∏,0
65,‡∏à‡∏≥‡πÑ‡∏ß‡πâ‡πÄ‡∏•‡∏¢‡∏ô‡∏∞‡∏ñ‡πâ‡∏≤‡∏Ç‡∏∂‡πâ‡∏ô‡∏ä‡∏∑‡πà‡∏≠‡∏ß‡πà‡∏≤‡∏´‡∏°‡∏≠‡∏î‡∏π‡∏ñ‡πâ‡∏≤‡∏°‡∏±‡∏ô‡∏ó‡∏±‡∏Å‡∏ß‡πà‡∏≤‡∏î‡∏ß‡∏á‡πÑ‡∏°‡πà‡∏î‡∏µ‡∏à‡∏∞‡πÄ‡∏õ‡πá‡∏ô‡∏ô‡∏±‡πà‡∏ô‡πÄ‡∏õ‡πá‡∏ô‡∏ô‡∏µ‡πà,‡πÑ‡∏°‡πà‡∏ú‡∏¥‡∏î,‡πÑ‡∏°‡πà‡∏£‡∏∞‡∏ö‡∏∏,0
66,‡πÅ‡∏•‡πâ‡∏ß‡∏ä‡∏ß‡∏ô‡πÉ‡∏´‡πâ‡∏ó‡∏≥‡∏≠‡∏∞‡πÑ‡∏£‡∏Å‡∏±‡∏ö‡∏°‡∏±‡∏ô‡∏à‡∏∞‡πÄ‡∏™‡∏£‡∏¥‡∏°‡∏î‡∏ß‡∏á‡πÅ‡∏Å‡πâ‡πÄ‡∏Ñ‡∏•‡πá‡∏î‡πÅ‡∏Å‡πâ‡∏î‡∏ß‡∏á‡∏≠‡∏∞‡πÑ‡∏£‡∏Å‡πá ‡∏ä‡πà‡∏≤‡∏á.,‡πÑ‡∏°‡πà‡∏ú‡∏¥‡∏î,‡πÑ‡∏°‡πà‡∏£‡∏∞‡∏ö‡∏∏,0
67,‡∏ñ‡πâ‡∏≤‡πÄ‡∏£‡∏µ‡∏¢‡∏Å‡πÄ‡∏á‡∏¥‡∏ô‡πÄ‡∏ó‡πà‡∏≤‡∏ô‡∏±‡πâ‡∏ô‡πÄ‡∏ó‡πà‡∏≤‡∏ô‡∏µ‡πâ‡∏Ñ‡∏∑‡∏≠‡∏´‡∏°‡∏≠‡∏î‡∏π‡πÄ‡∏´‡∏µ‡πâ‡∏¢!,‡πÑ‡∏°‡πà‡∏ú‡∏¥‡∏î,‡πÑ‡∏°‡πà‡∏£‡∏∞‡∏ö‡∏∏,0
68,‡∏°‡∏µ‡∏™‡∏¥‡πà‡∏á‡∏î‡∏µ‡πÜ‡∏≠‡∏¢‡∏π‡πà‡∏Å‡∏±‡∏ö‡∏ï‡∏±‡∏ß ‡πÅ‡∏ó‡∏ô‡∏ó‡∏µ‡πà‡∏à‡∏∞‡∏ä‡πà‡∏ß‡∏¢‡∏Ñ‡∏ô‡∏Ñ‡∏¥‡∏î‡∏Ñ‡πà‡∏≤‡∏Ñ‡∏£‡∏π100o‡∏ô‡∏∂‡πà‡∏á‡πÉ‡∏Ñ‡∏£‡∏ó‡∏∏‡∏Å‡∏Ç‡πå‡πÉ‡∏à‡πÅ‡∏ï‡πà‡∏ñ‡πâ‡∏≤‡∏à‡∏ô‡∏î‡∏π‡πÑ‡∏°‡πà‡πÑ‡∏î‡πâ‡∏ô‡∏∞,‡πÑ‡∏°‡πà‡∏ú‡∏¥‡∏î,‡πÑ‡∏°‡πà‡∏£‡∏∞‡∏ö‡∏∏,0
69,‡∏£‡∏≤‡∏Ñ‡∏≤‡∏ô‡∏µ‡πâ!!,‡πÑ‡∏°‡πà‡∏ú‡∏¥‡∏î,‡πÑ‡∏°‡πà‡∏£‡∏∞‡∏ö‡∏∏,0
70,‡πÄ‡∏™‡∏∑‡∏≠‡∏Å‡πÇ‡∏•‡∏†‡∏´‡∏≤‡πÅ‡∏î‡∏Å‡πÉ‡∏ô‡∏ó‡∏≤‡∏á‡∏ó‡∏µ‡πà‡∏ú‡∏¥‡∏î‡πÜ,‡∏ú‡∏¥‡∏î,‡πÑ‡∏°‡πà‡∏£‡∏∞‡∏ö‡∏∏,1
71,‡∏°‡∏µ‡∏≠‡∏¢‡πà‡∏≤‡∏á‡∏ó‡∏µ‡πà‡πÑ‡∏´‡∏ô‡∏ó‡∏±‡∏Å‡πÉ‡∏´‡πâ‡∏ó‡∏µ‡∏°‡∏á‡∏≤‡∏ô‡∏Å‡∏π‡πÑ‡∏õ‡πÅ‡∏Å‡πâ‡∏Ñ‡∏¥‡πâ‡∏ß‡∏Å‡∏±‡∏ô‡∏´‡∏°‡∏î‡πÅ‡∏ó‡∏ö‡∏ó‡∏∏‡∏Å‡∏Ñ‡∏ô,‡πÑ‡∏°‡πà‡∏ú‡∏¥‡∏î,‡πÑ‡∏°‡πà‡∏£‡∏∞‡∏ö‡∏∏,0
72,‡∏≠‡∏¥‡∏î‡∏≠‡∏Å‡∏ï‡∏•‡∏Å‡∏™‡∏¥‡πâ‡∏ô‡∏î‡∏µ,‡πÑ‡∏°‡πà‡∏ú‡∏¥‡∏î,‡πÑ‡∏°‡πà‡∏£‡∏∞‡∏ö‡∏∏,0
73,‡∏û‡∏≠‡∏°‡∏≤‡∏Ñ‡∏∏‡∏¢‡∏Å‡∏±‡∏ô‡πÄ‡∏≠‡∏á! ‡∏ó‡∏µ‡πà‡πÑ‡∏´‡∏ô‡πÑ‡∏î‡πâ,‡πÑ‡∏°‡πà‡∏ú‡∏¥‡∏î,‡πÑ‡∏°‡πà‡∏£‡∏∞‡∏ö‡∏∏,0
74,‡∏ó‡∏≥‡∏Ñ‡∏¥‡πâ‡∏ß‡∏°‡∏±‡∏ô‡∏ö‡∏ß‡∏Å‡πÄ‡∏≠‡∏≤‡πÄ‡∏≠‡∏á‡∏´‡∏±‡∏ß‡∏•‡∏∞1400,‡∏ú‡∏¥‡∏î,‡πÑ‡∏°‡πà‡∏£‡∏∞‡∏ö‡∏∏,1
75,‡πÅ‡∏Ñ‡πà‡∏ô‡∏µ‡πâ‡∏Å‡πá‡∏û‡∏≠‡πÅ‡∏•‡πâ‡∏ß‡∏Ñ‡∏ß‡∏≤‡∏°‡∏à‡∏£‡∏¥‡∏á,‡πÑ‡∏°‡πà‡∏ú‡∏¥‡∏î,‡πÑ‡∏°‡πà‡∏£‡∏∞‡∏ö‡∏∏,0
76,‡πÅ‡∏°‡πâ‡πÅ‡∏ï‡πà‡∏•‡∏π‡∏Å‡∏Ñ‡πâ‡∏≤‡∏ï‡∏±‡∏ß‡πÄ‡∏≠‡∏á‡∏¢‡∏±‡∏á‡∏à‡∏∞‡∏´‡∏•‡∏≠‡∏Å ‡πÄ‡∏Ñ‡πâ‡∏≤‡∏´‡∏°‡∏î!,‡∏ú‡∏¥‡∏î,‡πÑ‡∏°‡πà‡∏£‡∏∞‡∏ö‡∏∏,1
77,‡πÉ‡∏à‡πÑ‡∏°‡πà‡∏°‡∏µ‡πÉ‡∏´‡πâ‡πÉ‡∏Ñ‡∏£‡πÄ‡∏•‡∏¢‡∏à‡∏∞‡πÄ‡∏≠‡∏≤‡πÅ‡∏ï‡πà‡πÄ‡∏á‡∏¥‡∏ô!,‡∏ú‡∏¥‡∏î,‡πÑ‡∏°‡πà‡∏£‡∏∞‡∏ö‡∏∏,1
78,‡∏î‡∏µ‡∏ô‡∏∞‡πÑ‡∏î‡πâ‡πÅ‡∏Ñ‡πà‡πÄ‡∏û‡∏∑‡πà‡∏≠‡∏ô‡∏Å‡∏±‡∏ö‡∏ô‡πâ‡∏≠‡∏á‡∏Å‡∏π2‡∏Ñ‡∏ô,‡πÑ‡∏°‡πà‡∏ú‡∏¥‡∏î,‡πÑ‡∏°‡πà‡∏£‡∏∞‡∏ö‡∏∏,0
79,‡∏ô‡∏≠‡∏Å‡∏ô‡∏±‡πâ‡∏ô‡πÄ‡∏Ñ‡πâ‡∏≤‡πÑ‡∏°‡πà‡∏°‡∏µ‡πÄ‡∏á‡∏¥‡∏ô‡πÑ‡∏õ‡∏ó‡∏≥‡∏Å‡∏±‡∏ô,‡πÑ‡∏°‡πà‡∏ú‡∏¥‡∏î,‡πÑ‡∏°‡πà‡∏£‡∏∞‡∏ö‡∏∏,0
80,‡∏à‡∏±‡∏ô‡πÑ‡∏£‡∏à‡∏£‡∏¥‡∏á‡πÜ,‡∏ú‡∏¥‡∏î,‡πÑ‡∏°‡πà‡∏£‡∏∞‡∏ö‡∏∏,1
81,‡∏´‡∏°‡∏≠‡∏î‡∏π‡∏´‡∏±‡∏ßK‡∏ß‡∏¢‡∏û‡∏±‡∏ô‡∏ô‡∏µ‡πâ,‡πÑ‡∏°‡πà‡∏ú‡∏¥‡∏î,‡πÑ‡∏°‡πà‡∏£‡∏∞‡∏ö‡∏∏,0
82,‡∏°‡∏∂‡∏á‡πÄ‡∏•‡∏¥‡∏Å‡πÄ‡∏´‡∏≠‡∏∞‡∏≠‡∏≤‡∏ä‡∏µ‡∏û‡∏ô‡∏µ‡πâ‡πÑ‡∏°‡πà‡∏£‡∏∏‡πà‡∏á ‡∏´‡∏£‡∏≠‡∏Å,‡∏ú‡∏¥‡∏î,‡πÑ‡∏°‡πà‡∏£‡∏∞‡∏ö‡∏∏,1
83,‡πÅ‡∏´‡∏°‡∏ó‡∏≥‡∏°‡∏≤‡πÅ‡∏ö‡πà‡∏á‡πÉ‡∏´‡πâ‡∏Å‡∏π200‡∏ñ‡πâ‡∏≤‡∏Å‡∏π‡∏£‡∏π‡πâ‡∏ß‡πà‡∏≤‡∏ñ‡∏∂‡∏á‡∏ä‡∏±‡πà‡∏ß‡πÅ‡∏ö‡∏ö‡∏ô‡∏µ‡πâ‡∏Å‡∏π‡∏à‡∏∞‡πÑ‡∏°‡πà‡πÅ‡∏ô‡∏∞‡∏ô‡∏≥‡πÉ‡∏Ñ‡∏£‡πÅ‡∏°‡πâ‡πÅ‡∏ï‡πà‡∏Ñ‡∏ô‡πÄ‡∏î‡∏µ‡∏¢‡∏ß‡∏à‡∏£‡∏¥‡∏á‡πÜ,‡∏ú‡∏¥‡∏î,‡πÑ‡∏°‡πà‡∏£‡∏∞‡∏ö‡∏∏,1
84,‡∏ñ‡πâ‡∏≤‡∏°‡∏±‡∏ô‡∏à‡∏∞‡πÑ‡∏°‡πà‡∏î‡∏π‡∏ô‡∏±‡πà‡∏ô‡∏ô‡∏µ‡πâ,‡πÑ‡∏°‡πà‡∏ú‡∏¥‡∏î,‡πÑ‡∏°‡πà‡∏£‡∏∞‡∏ö‡∏∏,0
85,‡πÉ‡∏ô‡∏õ‡∏£‡∏∞‡πÄ‡∏ó‡∏®‡πÑ‡∏°‡πà‡πÑ‡∏î‡πâ‡∏°‡∏µ‡∏°‡∏±‡∏ô‡∏î‡∏π‡∏Ñ‡∏ô ‡πÄ‡∏î‡∏µ‡∏¢‡∏ß,‡πÑ‡∏°‡πà‡∏ú‡∏¥‡∏î,‡πÑ‡∏°‡πà‡∏£‡∏∞‡∏ö‡∏∏,0
86,‡πÅ‡∏•‡∏∞‡∏´‡∏ô‡∏π‡∏Å‡πá‡πÑ‡∏°‡πà‡∏á‡πâ‡∏≠‡∏°‡∏±‡∏ô‡∏î‡πâ‡∏ß‡∏¢‡∏Ñ‡πà‡∏∞,‡πÑ‡∏°‡πà‡∏ú‡∏¥‡∏î,‡πÑ‡∏°‡πà‡∏£‡∏∞‡∏ö‡∏∏,0
87,‡πÄ‡∏û‡∏£‡∏≤‡∏∞‡∏≠‡∏∞‡πÑ‡∏£‡∏ó‡∏µ‡πà ‡∏á‡πà‡∏≤‡∏¢‡πÜ‡∏ó‡∏≥‡πÄ‡∏´‡∏°‡∏∑‡∏≠‡∏ô‡∏õ‡∏±‡∏ç‡∏ç‡∏≤‡∏≠‡πà‡∏≠‡∏ô,‡πÑ‡∏°‡πà‡∏ú‡∏¥‡∏î,‡πÑ‡∏°‡πà‡∏£‡∏∞‡∏ö‡∏∏,0
88,‡πÑ‡∏°‡πà‡∏£‡∏π‡πâ ‡∏≠‡∏ß‡∏¢‡∏ï‡∏±‡∏ß‡∏Å‡πá‡∏≠‡∏ß‡∏¢ ‡πÄ‡∏Å‡∏¥‡∏ô,‡πÑ‡∏°‡πà‡∏ú‡∏¥‡∏î,‡πÑ‡∏°‡πà‡∏£‡∏∞‡∏ö‡∏∏,0
89,#‡∏ñ‡πâ‡∏≤‡∏°‡∏µ‡∏õ‡∏≤‡∏Å‡πÑ‡∏ß‡πâ‡∏û‡∏π‡∏î‡πÄ‡∏Å‡∏µ‡πà‡∏¢‡∏ß‡∏Å‡∏±‡∏ö‡∏Å‡∏≤‡∏£‡∏î‡∏π‡∏î‡∏ß‡∏á‡∏ï‡∏≠‡∏ö ‡∏Ñ‡∏≥‡∏ñ‡∏≤‡∏°‡πÑ‡∏°‡πà‡πÑ‡∏î‡πâ ‡∏Å‡πá‡∏ö‡∏≠‡∏Å‡∏°‡∏±‡∏ô,‡πÑ‡∏°‡πà‡∏ú‡∏¥‡∏î,‡πÑ‡∏°‡πà‡∏£‡∏∞‡∏ö‡∏∏,0
90,‡∏´‡∏°‡∏≠‡∏î‡∏π‡πÄ‡∏´‡∏µ‡πâ‡∏¢,‡πÑ‡∏°‡πà‡∏ú‡∏¥‡∏î,‡πÑ‡∏°‡πà‡∏£‡∏∞‡∏ö‡∏∏,0
91,‡∏à‡∏±‡∏ç‡πÑ‡∏£,‡∏ú‡∏¥‡∏î,‡πÑ‡∏°‡πà‡∏£‡∏∞‡∏ö‡∏∏,1
92,‡∏õ‡∏±‡∏ç‡∏ç‡∏≤‡∏≠‡πà‡∏≠‡∏ô,‡πÑ‡∏°‡πà‡∏ú‡∏¥‡∏î,‡πÑ‡∏°‡πà‡∏£‡∏∞‡∏ö‡∏∏,0
93,‡πÄ‡∏≠‡∏≤‡∏õ‡∏≤‡∏Å‡∏≠‡∏°‡∏Ñ‡∏ß‡∏¢‡∏ú‡∏±‡∏ß‡πÑ‡∏ß‡πâ ‡∏≠‡∏°‡πÅ‡∏°‡πà‡∏á‡∏ó‡∏±‡πâ‡∏á‡∏ß‡∏±‡∏ô!,‡πÑ‡∏°‡πà‡∏ú‡∏¥‡∏î,‡πÑ‡∏°‡πà‡∏£‡∏∞‡∏ö‡∏∏,0
94,‡∏≠‡∏¢‡πà‡∏≤‡πÄ‡∏™‡∏∑‡∏≠‡∏Å‡πÅ‡∏´‡∏Å‡∏´‡∏µ‡∏°‡∏≤‡∏ñ‡∏≤‡∏°‡∏î‡∏π‡∏î‡∏ß‡∏á‡∏Ñ‡∏ô‡∏≠‡∏∑‡πà‡∏ô‡πÄ‡∏Ç‡∏≤,‡πÑ‡∏°‡πà‡∏ú‡∏¥‡∏î,‡πÑ‡∏°‡πà‡∏£‡∏∞‡∏ö‡∏∏,0
95,‡∏≠‡∏¥‡∏ä‡πâ‡∏≤‡∏á‡∏ô‡πâ‡∏≥,‡πÑ‡∏°‡πà‡∏ú‡∏¥‡∏î,‡πÑ‡∏°‡πà‡∏£‡∏∞‡∏ö‡∏∏,0
96,‡∏´‡∏•‡∏≠‡∏Å‡πÅ‡∏î‡∏Å,‡∏ú‡∏¥‡∏î,‡πÑ‡∏°‡πà‡∏£‡∏∞‡∏ö‡∏∏,1
97,‡∏î‡πà‡∏≤‡∏¢‡∏±‡∏á‡πÑ‡∏á‡∏Å‡πá‡πÑ‡∏°‡πà‡∏™‡∏≥‡∏ô‡∏∂‡∏Å,‡πÑ‡∏°‡πà‡∏ú‡∏¥‡∏î,‡πÑ‡∏°‡πà‡∏£‡∏∞‡∏ö‡∏∏,0
98,‡∏•‡∏π‡∏Å‡∏Å‡∏∞‡∏´‡∏£‡∏µ‡πà,‡∏ú‡∏¥‡∏î,‡πÑ‡∏°‡πà‡∏£‡∏∞‡∏ö‡∏∏,1
99,‡πÑ‡∏°‡πà‡∏°‡∏µ‡πÄ‡∏Ñ‡∏£‡∏î‡∏¥‡∏ï,‡∏ú‡∏¥‡∏î,‡πÑ‡∏°‡πà‡∏£‡∏∞‡∏ö‡∏∏,1
100,‡πÑ‡∏°‡πà‡∏°‡∏µ‡∏ô‡πâ‡∏≥‡πÉ‡∏à,‡πÑ‡∏°‡πà‡∏ú‡∏¥‡∏î,‡πÑ‡∏°‡πà‡∏£‡∏∞‡∏ö‡∏∏,0
101,‡∏Ñ‡∏ô‡πÄ‡∏≠‡∏≤‡πÄ‡∏õ‡∏£‡∏µ‡∏¢‡∏ö,‡∏ú‡∏¥‡∏î,‡πÑ‡∏°‡πà‡∏£‡∏∞‡∏ö‡∏∏,1
102,‡∏Ñ‡∏ô‡πÄ‡∏´‡πá‡∏ô‡πÅ‡∏Å‡πà‡∏ï‡∏±‡∏ß,‡πÑ‡∏°‡πà‡∏ú‡∏¥‡∏î,‡πÑ‡∏°‡πà‡∏£‡∏∞‡∏ö‡∏∏,0
103,‡∏ï‡πà‡∏≥‡∏ï‡∏°,‡πÑ‡∏°‡πà‡∏ú‡∏¥‡∏î,‡πÑ‡∏°‡πà‡∏£‡∏∞‡∏ö‡∏∏,0
104,‡πÇ‡∏£‡∏Ñ‡∏à‡∏¥‡∏ï,‡πÑ‡∏°‡πà‡∏ú‡∏¥‡∏î,‡πÑ‡∏°‡πà‡∏£‡∏∞‡∏ö‡∏∏,0
105,‡∏ô‡∏°‡∏°‡∏±‡∏ô‡∏¢‡∏≤‡∏ô‡∏Å‡πá‡∏ï‡πâ‡∏≠‡∏á‡∏õ‡∏•‡πà‡∏≠‡∏¢‡∏°‡∏±‡∏ô‡πÑ‡∏õ‡∏ô‡∏∞‡∏Ñ‡πà‡∏∞,‡πÑ‡∏°‡πà‡∏ú‡∏¥‡∏î,‡πÑ‡∏°‡πà‡∏£‡∏∞‡∏ö‡∏∏,0
106,‡πÄ‡∏Å‡πá‡∏ö‡πÄ‡∏á‡∏¥‡∏ô‡πÑ‡∏ß‡πâ‡πÉ‡∏ä‡πâ‡∏ï‡∏≠‡∏ô‡πÅ‡∏Å‡πà‡∏ô‡∏∞‡∏Ñ‡∏∞ ,‡πÑ‡∏°‡πà‡∏ú‡∏¥‡∏î,‡πÑ‡∏°‡πà‡∏£‡∏∞‡∏ö‡∏∏,0
107,‡∏ï‡∏≠‡∏ô‡∏ó‡∏µ‡πà‡∏ï‡∏¥‡∏î‡πÄ‡∏≠‡∏î‡∏™‡πå‡∏≠‡∏∞‡∏Ñ‡πà‡∏∞,‡πÑ‡∏°‡πà‡∏ú‡∏¥‡∏î,‡πÑ‡∏°‡πà‡∏£‡∏∞‡∏ö‡∏∏,0
108,‡πÅ‡∏°‡πà‡πÄ‡∏™‡∏∑‡∏≠‡∏™‡∏≤‡∏ß‡πÅ‡∏ã‡πà‡∏ö‡∏à‡∏£‡∏¥‡∏á‡πÜ‡∏Ñ‡∏∞,‡πÑ‡∏°‡πà‡∏ú‡∏¥‡∏î,‡πÑ‡∏°‡πà‡∏£‡∏∞‡∏ö‡∏∏,0
109,‡πÄ‡∏´‡πá‡∏ô‡πÅ‡∏•‡πâ‡∏ß‡∏≠‡∏¢‡∏≤‡∏Å‡πÄ‡∏≠‡∏≤‡∏õ‡∏∑‡∏ô‡∏¢‡∏¥‡∏á‡∏´‡∏µ ‡πÄ‡∏ú‡∏∑‡πà‡∏≠‡∏à‡∏∞‡πÄ‡∏•‡∏¥‡∏Å‡∏™‡∏≥‡∏™‡πà‡∏≠‡∏ô,‡∏ú‡∏¥‡∏î,‡πÑ‡∏°‡πà‡∏£‡∏∞‡∏ö‡∏∏,1
110,‡∏û‡∏≠‡∏î‡∏µ‡∏ô‡∏π‡πã‡πÇ‡∏î‡∏ô‡πÄ‡∏û‡∏∑‡πà‡∏≠‡∏ô‡∏ó‡∏µ‡πà‡∏ó‡∏≥‡∏á‡∏≤‡∏ô‡∏ñ‡πà‡∏≤‡∏¢‡∏Ñ‡∏•‡∏¥‡∏õ ‡πÅ‡∏•‡πâ‡∏ß‡∏°‡∏µ‡∏Ñ‡∏≥‡∏û‡∏π‡∏î‡∏ó‡∏µ‡πà‡∏ó‡∏≥‡πÉ‡∏´‡πâ‡∏ô‡∏π‡πã‡πÄ‡∏™‡∏∑‡πà‡∏≠‡∏°‡πÄ‡∏™‡∏µ‡∏¢‡∏ä‡∏∑‡πà‡∏≠‡πÄ‡∏™‡∏µ‡∏¢‡∏á ‡πÅ‡∏•‡∏∞‡πÄ‡∏ö‡∏£‡∏ô‡∏Å‡∏•‡πâ‡∏≠‡∏á‡πÑ‡∏õ‡∏ó‡∏µ‡πà‡∏£‡∏π‡∏õ‡∏Ç‡∏≠‡∏á‡∏ô‡∏π‡πã ‡πÅ‡∏•‡∏∞‡∏™‡∏á‡∏•‡∏á‡πÉ‡∏ô‡πÑ‡∏•‡∏ô‡πå‡∏Å‡∏•‡∏∏‡πà‡∏° ‡∏ó‡∏µ‡πà‡∏°‡∏µ‡∏Ñ‡∏ô‡∏≠‡∏¢‡∏π‡πà‡πÉ‡∏ô‡∏Å‡∏•‡∏∏‡πà‡∏°‡∏à‡∏≥‡∏ô‡∏ß‡∏ô 28 ‡∏Ñ‡∏ô‡πÅ‡∏•‡∏∞ 28 ‡∏Ñ‡∏ô‡∏ô‡∏±‡πâ‡∏ô ‡∏°‡∏µ‡∏ö‡∏≤‡∏á‡∏Ñ‡∏ô‡∏≠‡∏¢‡∏π‡πà‡∏ï‡πà‡∏≤‡∏á‡∏™‡∏≤‡∏Ç‡∏≤‡∏Ñ‡πà‡∏∞,‡∏ú‡∏¥‡∏î,‡πÑ‡∏°‡πà‡∏£‡∏∞‡∏ö‡∏∏,1
111,‡πÄ‡∏Ñ‡∏¢‡πÄ‡∏õ‡πá‡∏ô‡πÇ‡∏à‡∏£‡∏õ‡∏•‡πâ‡∏ô‡∏ä‡∏¥‡∏á‡∏°‡∏≤‡∏Å‡πà‡∏≠‡∏ô,‡∏ú‡∏¥‡∏î,‡πÑ‡∏°‡πà‡∏£‡∏∞‡∏ö‡∏∏,1
112,‡πÇ‡∏à‡∏£‡∏•‡∏±‡∏Å‡∏Ç‡πÇ‡∏°‡∏¢,‡∏ú‡∏¥‡∏î,‡πÑ‡∏°‡πà‡∏£‡∏∞‡∏ö‡∏∏,1
113,‡πÄ‡∏ô‡∏∑‡πà‡∏≠‡∏á‡∏à‡∏≤‡∏Å‡∏°‡∏µ‡∏ö‡∏∏‡∏Ñ‡∏Ñ‡∏•‡∏Å‡∏•‡πà‡∏≤‡∏ß‡∏´‡∏≤‡πÉ‡∏´‡πâ‡πÄ‡∏™‡∏µ‡∏¢‡∏´‡∏≤‡∏¢ ‡∏ó‡∏±‡πâ‡∏á‡πÉ‡∏ô‡πÄ‡∏£‡∏∑‡πà‡∏≠‡∏á‡∏™‡πà‡∏ß‡∏ô‡∏ï‡∏±‡∏ß‡πÅ‡∏•‡∏∞‡∏Ñ‡∏∏‡∏î‡∏Ñ‡∏∏‡πâ‡∏¢‡πÄ‡∏£‡∏∑‡πà‡∏≠‡∏á‡∏≠‡∏î‡∏µ‡∏ï‡∏ó‡∏±‡πâ‡∏á‡∏à‡∏£‡∏¥‡∏á‡∏ö‡πâ‡∏≤‡∏á ‡πÑ‡∏°‡πà‡∏à‡∏£‡∏¥‡∏á‡∏ö‡πâ‡∏≤‡∏á ‡∏û‡∏π‡∏î‡πÄ‡∏Å‡∏¥‡∏ô‡∏ö‡πâ‡∏≤‡∏á‡∏á‡∏á‡∏á ‡πÅ‡∏•‡πâ‡∏ß‡πÑ‡∏õ‡∏û‡∏π‡∏î‡∏ï‡πà‡∏≠‡πÜ‡∏Å‡∏±‡∏ô ‡∏à‡∏ô‡∏ó‡∏≥‡πÉ‡∏´‡πâ‡πÄ‡∏Å‡∏¥‡∏î‡∏Ñ‡∏ß‡∏≤‡∏°‡∏≠‡∏±‡∏ö‡∏≠‡∏≤‡∏¢‡πÉ‡∏ô‡∏ó‡∏µ‡πà‡∏ó‡∏≥‡∏á‡∏≤‡∏ô ‡∏≠‡∏µ‡∏Å‡∏ó‡∏±‡πâ‡∏á‡∏ó‡∏≥‡πÉ‡∏´‡πâ‡πÄ‡∏û‡∏∑‡πà‡∏≠‡∏ô‡∏£‡πà‡∏ß‡∏°‡∏á‡∏≤‡∏ô‡∏ó‡∏µ‡πà‡πÑ‡∏°‡πà‡∏£‡∏π‡πâ‡∏à‡∏±‡∏Å‡πÅ‡∏ï‡πà‡∏≠‡∏¢‡∏π‡πà‡πÉ‡∏ô‡∏≠‡∏á‡∏Ñ‡πå‡∏Å‡∏£‡πÄ‡∏î‡∏µ‡∏¢‡∏ß‡∏Å‡∏±‡∏ô ‡∏°‡∏≠‡∏á‡πÄ‡∏£‡∏≤‡πÑ‡∏õ‡πÉ‡∏ô‡∏ó‡∏≤‡∏á‡∏ó‡∏µ‡πà‡πÑ‡∏°‡πà‡∏î‡∏µ ‡πÅ‡∏¢‡πà‡πÅ‡∏•‡∏∞‡πÄ‡∏™‡∏µ‡∏¢‡∏´‡∏≤‡∏¢ ‡∏™‡∏≤‡∏°‡∏≤‡∏£‡∏ñ‡∏ó‡∏≥‡∏≠‡∏∞‡πÑ‡∏£‡πÑ‡∏î‡πâ‡∏ö‡πâ‡∏≤‡∏á,‡∏ú‡∏¥‡∏î,‡πÑ‡∏°‡πà‡∏£‡∏∞‡∏ö‡∏∏,1
114,‡∏Ñ‡∏•‡∏∑‡πà‡∏ô‡πÉ‡∏ï‡πâ‡∏ô‡πâ‡∏≥,‡πÑ‡∏°‡πà‡∏ú‡∏¥‡∏î,‡πÑ‡∏°‡πà‡∏£‡∏∞‡∏ö‡∏∏,0
115,‡∏Å‡∏∞‡∏´‡∏£‡∏µ‡πà‡∏¢‡∏Å‡∏Ñ‡∏£‡∏±‡∏ß,‡∏ú‡∏¥‡∏î,‡πÑ‡∏°‡πà‡∏£‡∏∞‡∏ö‡∏∏,1
116,‡πÄ‡∏°‡∏∑‡πà‡∏≠‡∏ß‡∏±‡∏ô‡∏ó‡∏µ‡πà 20 ‡∏Å‡∏∏‡∏°‡∏†‡∏≤‡∏ó‡∏µ‡πà‡∏ú‡πà‡∏≤‡∏ô‡∏°‡∏≤ ‡∏û‡∏µ‡πà‡∏™‡∏≤‡∏ß‡πÄ‡∏£‡∏≤‡πÑ‡∏î‡πâ‡πÑ‡∏õ‡∏°‡πá‡∏≠‡∏ö‡∏ó‡∏µ‡πà‡∏´‡∏ô‡πâ‡∏≤‡∏£‡∏±‡∏ê‡∏™‡∏†‡∏≤‡πÄ‡∏Å‡∏µ‡∏¢‡∏Å‡∏Å‡∏≤‡∏¢ ‡πÅ‡∏•‡∏∞‡πÑ‡∏î‡πâ‡πÉ‡∏´‡πâ‡∏™‡∏±‡∏°‡∏†‡∏≤‡∏©‡∏ì‡πå‡∏Å‡∏±‡∏ö‡∏™‡∏∑‡πà‡∏≠‡∏Ç‡∏≠‡∏á‡∏õ‡∏£‡∏∞‡∏ä‡∏≤‡πÑ‡∏ó ‡∏ï‡πà‡∏≠‡∏°‡∏≤‡∏ó‡∏≤‡∏á‡∏õ‡∏£‡∏∞‡∏ä‡∏≤‡πÑ‡∏ó‡πÑ‡∏î‡πâ‡∏•‡∏á‡∏™‡∏±‡∏°‡∏†‡∏≤‡∏©‡∏ì‡πå‡∏î‡∏±‡∏á‡∏Å‡∏•‡πà‡∏≤‡∏ß‡πÉ‡∏ô‡πÄ‡∏û‡∏à‡∏Ç‡∏≠‡∏á‡∏õ‡∏£‡∏∞‡∏ä‡∏≤‡πÑ‡∏ó ‡∏ï‡∏≤‡∏°‡∏ô‡∏µ‡πâ‡∏•‡∏¥‡∏á‡∏Å‡πå‡∏ô‡∏µ‡πâ‡∏Ñ‡πà‡∏∞ ‡πÅ‡∏•‡∏∞‡∏°‡∏µ‡∏Ñ‡∏≠‡∏°‡πÄ‡∏°‡∏ô‡∏ó‡πå‡∏ö‡∏≤‡∏á‡∏™‡πà‡∏ß‡∏ô‡∏ó‡∏µ‡πà‡∏ó‡∏≥‡πÉ‡∏´‡πâ‡∏£‡∏π‡πâ‡∏™‡∏∂‡∏Å‡πÑ‡∏°‡πà‡∏™‡∏ö‡∏≤‡∏¢‡πÉ‡∏à ‡πÉ‡∏ô‡∏Å‡∏£‡∏ì‡∏µ‡∏ô‡∏µ‡πâ‡∏à‡∏∞‡∏™‡∏≤‡∏°‡∏≤‡∏£‡∏ñ‡∏ü‡πâ‡∏≠‡∏á‡∏´‡∏°‡∏¥‡πà‡∏ô‡πÑ‡∏î‡πâ‡πÑ‡∏´‡∏°‡∏Ñ‡∏∞,‡∏ú‡∏¥‡∏î,‡πÑ‡∏°‡πà‡∏£‡∏∞‡∏ö‡∏∏,1
117,‡πÇ‡∏ñ‡πÄ‡∏î‡πá‡∏Å‡∏ô‡πâ‡∏≠‡∏¢‡∏¢‡∏¢‡∏¢‡∏¢‡∏¢‡∏¢‡∏¢‡∏¢‡∏¢‡∏¢,‡πÑ‡∏°‡πà‡∏ú‡∏¥‡∏î,‡πÑ‡∏°‡πà‡∏£‡∏∞‡∏ö‡∏∏,0
118,‡∏≠‡∏µ‡πÄ‡∏ß‡∏£,‡πÑ‡∏°‡πà‡∏ú‡∏¥‡∏î,‡πÑ‡∏°‡πà‡∏£‡∏∞‡∏ö‡∏∏,0
119,‡πÑ‡∏°‡πà‡∏£‡∏π‡πâ‡∏ï‡∏±‡∏ß‡∏ß‡πà‡∏≤‡πÇ‡∏á‡πà...,‡πÑ‡∏°‡πà‡∏ú‡∏¥‡∏î,‡πÑ‡∏°‡πà‡∏£‡∏∞‡∏ö‡∏∏,0
120,‡πÄ‡∏´‡∏¢‡∏∑‡πà‡∏≠‡∏Ñ‡∏ô‡∏ä‡∏±‡∏á‡∏ä‡∏≤‡∏ï‡∏¥,‡∏ú‡∏¥‡∏î,‡πÑ‡∏°‡πà‡∏£‡∏∞‡∏ö‡∏∏,1
121,‡∏Ç‡∏µ‡πâ‡πÅ‡∏û‡πâ,‡πÑ‡∏°‡πà‡∏ú‡∏¥‡∏î,‡πÑ‡∏°‡πà‡∏£‡∏∞‡∏ö‡∏∏,0
122,‡πÄ‡∏ß‡∏•‡∏≤‡∏Ç‡∏∂‡πâ‡∏ô‡∏®‡∏≤‡∏•‡πÄ‡∏î‡∏Å ‡∏≠‡∏¢‡πà‡∏≤‡∏£‡πâ‡∏≠‡∏á‡∏•‡∏∞55555,‡πÑ‡∏°‡πà‡∏ú‡∏¥‡∏î,‡πÑ‡∏°‡πà‡∏£‡∏∞‡∏ö‡∏∏,0
123,‡∏Ñ‡∏ß‡∏≤‡∏°‡∏´‡∏ß‡∏±‡∏á‡∏ó‡∏µ‡πà‡∏à‡∏∞‡πÄ‡∏´‡πá‡∏ô‡∏Ñ‡∏ß‡∏≤‡∏°‡πÄ‡∏õ‡∏•‡∏µ‡πà‡∏¢‡∏ô‡πÅ‡∏õ‡∏•‡∏á‡∏Ç‡∏≠‡∏á‡∏™‡∏ñ‡∏≤‡∏ö‡∏±‡∏ô‡∏Å‡∏©‡∏±‡∏ï‡∏£‡∏¥‡∏¢‡πå,‡πÑ‡∏°‡πà‡∏ú‡∏¥‡∏î,‡πÑ‡∏°‡πà‡∏£‡∏∞‡∏ö‡∏∏,0
124,‡∏Ñ‡∏•‡∏¥‡∏õ‡∏Å‡∏≤‡∏£‡πÉ‡∏´‡πâ‡∏Ñ‡∏ß‡∏≤‡∏°‡∏£‡∏π‡πâ‡πÄ‡∏£‡∏∑‡πà‡∏≠‡∏á‡∏Å‡∏≤‡∏£‡∏ö‡∏£‡∏¥‡∏´‡∏≤‡∏£‡∏Å‡∏£‡∏∞‡∏î‡∏π‡∏Å‡∏Ñ‡∏î‡∏Ç‡∏≠‡∏á‡πÑ‡∏ó‡∏¢‡∏Å‡∏±‡∏ö ‡∏ï‡πà‡∏≤‡∏á‡∏õ‡∏£‡∏∞‡πÄ‡∏ó‡∏®(‡∏î‡∏π‡∏à‡∏≤‡∏Å‡∏Ñ‡∏•‡∏¥‡∏õ‡πÄ‡∏Å‡πà‡∏≤‡∏ó‡∏µ‡πà‡∏ú‡∏°‡πÇ‡∏û‡∏™‡∏ï‡πå) ‡∏ä‡πà‡∏≤‡∏á‡∏Ñ‡∏ô‡∏•‡∏∞‡∏î‡∏ß‡∏á‡∏î‡∏≤‡∏ß ‡∏Å‡∏±‡∏ô‡πÄ‡∏•‡∏¢,‡πÑ‡∏°‡πà‡∏ú‡∏¥‡∏î,‡πÑ‡∏°‡πà‡∏£‡∏∞‡∏ö‡∏∏,0
125,‡∏≠‡πà‡∏≤‡∏ô‡∏´‡∏ô‡∏±‡∏á‡∏™‡∏∑‡∏≠‡πÄ‡∏¢‡∏≠‡∏∞‡πÜ‡∏ô‡∏∞‡∏•‡∏π‡∏Å,‡πÑ‡∏°‡πà‡∏ú‡∏¥‡∏î,‡πÑ‡∏°‡πà‡∏£‡∏∞‡∏ö‡∏∏,0
126,‡∏ö‡πâ‡∏≤‡∏á‡∏Ñ‡∏ô‡∏Ñ‡∏∞ ‡πÅ‡∏ï‡πà‡∏™‡∏≥‡∏´‡∏£‡∏±‡∏ö‡∏ú‡∏ç.‡∏ó‡∏µ‡πà‡∏ó‡∏≥‡∏•‡∏≤‡∏¢‡∏Ñ‡∏ß‡∏≤‡∏°‡∏£‡∏±‡∏Å ‡∏ó‡∏≥‡∏•‡∏≤‡∏¢‡∏•‡∏π‡∏Å‡πÅ‡∏•‡∏∞‡∏Ñ‡∏£‡∏≠‡∏ö‡∏Ñ‡∏£‡∏±‡∏ß‡∏Ñ‡∏ô‡∏≠‡∏∑‡πà‡∏ô ‡πÄ‡∏Ç‡∏≤‡πÑ‡∏°‡πà‡πÑ‡∏î‡πâ‡πÄ‡∏£‡∏µ‡∏¢‡∏Å‡∏ß‡πà‡∏≤...‡∏ô‡∏∞,‡πÑ‡∏°‡πà‡∏ú‡∏¥‡∏î,‡πÑ‡∏°‡πà‡∏£‡∏∞‡∏ö‡∏∏,0
127,‡∏≠‡∏¢‡πà‡∏≤‡πÉ‡∏´‡πâ‡πÑ‡∏î‡πâ‡πÄ‡∏ï‡∏¥‡∏°‡∏ô‡∏≤‡∏°‡∏™‡∏Å‡∏∏‡∏•,‡πÑ‡∏°‡πà‡∏ú‡∏¥‡∏î,‡πÑ‡∏°‡πà‡∏£‡∏∞‡∏ö‡∏∏,0
128,‡πÄ‡∏Ç‡∏≤‡πÄ‡∏£‡∏µ‡∏¢‡∏Å‡∏î‡∏≠‡∏Å(‡∏£‡∏π‡∏õ‡∏î‡∏≠‡∏Å‡πÑ‡∏°‡πâ‡∏™‡∏µ‡∏ó‡∏≠‡∏á),‡∏ú‡∏¥‡∏î,‡πÑ‡∏°‡πà‡∏£‡∏∞‡∏ö‡∏∏,1
129,‡∏™‡∏°‡∏™‡∏π‡πà‡∏Å‡∏±‡∏ô‡∏î‡∏µ‡∏ô‡∏±‡∏Å,‡∏ú‡∏¥‡∏î,‡πÑ‡∏°‡πà‡∏£‡∏∞‡∏ö‡∏∏,1
130,‡∏ä‡∏≠‡∏ö‡∏ô‡∏±‡∏Å‡πÅ‡∏≠‡∏ö‡πÅ‡∏ã‡πà‡∏ö‡πÄ‡∏£‡πâ‡∏≤‡πÉ‡∏à‡∏î‡∏µ,- ‡πÑ‡∏°‡πà‡πÅ‡∏ô‡πà‡πÉ‡∏à,‡πÑ‡∏°‡πà‡∏£‡∏∞‡∏ö‡∏∏,0
131,‡∏´‡∏≤‡∏Å‡πÇ‡∏û‡∏™‡∏ï‡πå‡∏ß‡πà‡∏≤‡∏™‡∏ñ‡∏≤‡∏ö‡∏±‡∏ô‡∏û‡∏£‡∏∞‡∏°‡∏´‡∏≤‡∏Å‡∏©‡∏±‡∏ï‡∏£‡∏¥‡∏¢‡πå‡∏°‡∏µ‡πÑ‡∏ß‡πâ‡πÄ‡∏û‡∏∑‡πà‡∏≠‡∏≠‡∏∞‡πÑ‡∏£,,‡πÑ‡∏°‡πà‡∏£‡∏∞‡∏ö‡∏∏,1
132,‡πÑ‡∏õ‡∏ï‡∏≤‡∏¢‡πÑ‡∏´‡∏ô‡∏Å‡πá‡πÑ‡∏õ,‡πÑ‡∏°‡πà‡∏ú‡∏¥‡∏î,‡πÑ‡∏°‡πà‡∏£‡∏∞‡∏ö‡∏∏,0
133,‡πÑ‡∏õ‡πÄ‡∏Å‡∏¥‡∏î‡πÉ‡∏´‡∏°‡πà‡πÑ‡∏õ‡∏™‡∏°‡∏™‡∏π‡πà‡∏Å‡∏±‡∏ô‡πÑ‡∏Å‡∏•‡πÜ,‡∏ú‡∏¥‡∏î,‡πÑ‡∏°‡πà‡∏£‡∏∞‡∏ö‡∏∏,1
134,‡∏£‡∏≥‡∏Ñ‡∏≤‡∏ç‡∏°‡∏≤‡∏Å‡∏Å‡∏Å‡∏Å‡∏Å‡∏Å,‡πÑ‡∏°‡πà‡∏ú‡∏¥‡∏î,‡πÑ‡∏°‡πà‡∏£‡∏∞‡∏ö‡∏∏,0
135,‡∏Å‡∏π‡∏°‡∏±‡∏ô‡∏Ñ‡∏ô‡∏ï‡πà‡∏≥‡∏ï‡∏°‡∏Ñ‡∏á‡πÑ‡∏°‡πà‡πÄ‡∏´‡∏°‡∏≤‡∏∞‡∏ó‡∏µ‡πà‡∏à‡∏∞‡∏°‡∏≤‡πÄ‡∏™‡∏µ‡∏¢‡πÄ‡∏ß‡∏•‡∏≤‡∏ï‡∏≠‡∏ö‡∏Ñ‡∏≥‡∏ñ‡∏≤‡∏°‡∏™‡πâ‡∏ô‡∏ï‡∏µ‡∏ô‡∏Ç‡∏≠‡∏á‡∏û‡∏ß‡∏Å‡∏°‡∏∂‡∏á‡∏Ñ‡πà‡∏∞,‡πÑ‡∏°‡πà‡∏ú‡∏¥‡∏î,‡πÑ‡∏°‡πà‡∏£‡∏∞‡∏ö‡∏∏,0
136,‡πÑ‡∏õ‡∏ï‡∏≤‡∏¢‡πÑ‡∏Å‡∏•‡πÜ‡∏Ñ‡πà‡∏∞‡∏û‡∏ß‡∏Å‡∏ú‡∏π‡πâ‡∏î‡∏µ‡∏™‡∏±‡∏°‡∏†‡πÄ‡∏ß‡∏™‡∏µ,‡πÑ‡∏°‡πà‡∏ú‡∏¥‡∏î,‡πÑ‡∏°‡πà‡∏£‡∏∞‡∏ö‡∏∏,0
137,‡∏£‡∏≥‡∏Ñ‡∏≤‡∏ç‡πÄ‡∏ï‡πá‡∏°‡∏ó‡∏µ‡πÅ‡∏•‡πâ‡∏ß,‡πÑ‡∏°‡πà‡∏ú‡∏¥‡∏î,‡πÑ‡∏°‡πà‡∏£‡∏∞‡∏ö‡∏∏,0
138,‡∏Å‡∏π‡πÄ‡∏≠‡∏á‡∏Å‡πá‡∏´‡∏°‡∏î‡∏£‡∏±‡∏Å‡πÅ‡∏•‡πâ‡∏ß‡∏°‡∏µ‡πÅ‡∏ü‡∏ô‡πÉ‡∏´‡∏°‡πà‡πÅ‡∏•‡πâ‡∏ß‡∏£‡∏π‡πâ‡πÑ‡∏ß‡πâ‡πÅ‡∏Ñ‡πà‡∏ô‡∏µ‡πâ‡∏û‡∏≠,‡πÑ‡∏°‡πà‡∏ú‡∏¥‡∏î,‡πÑ‡∏°‡πà‡∏£‡∏∞‡∏ö‡∏∏,0
139,‡∏≠‡∏¢‡πà‡∏≤‡∏°‡∏≤‡πÄ‡∏™‡∏µ‡∏¢‡πÄ‡∏ß‡∏•‡∏≤‡∏Å‡∏±‡∏ö‡∏Ñ‡∏ô‡∏≠‡∏¢‡πà‡∏≤‡∏á‡∏Å‡∏π‡πÄ‡∏•‡∏¢,‡πÑ‡∏°‡πà‡∏ú‡∏¥‡∏î,‡πÑ‡∏°‡πà‡∏£‡∏∞‡∏ö‡∏∏,0
140,‡∏ñ‡πâ‡∏≤‡∏Å‡∏π‡∏à‡∏∞‡πÅ‡∏¢‡πà‡∏á‡∏Ñ‡∏á‡πÑ‡∏°‡πà‡∏´‡∏¢‡∏∏‡∏î‡∏≠‡∏¢‡∏π‡πà‡πÅ‡∏Ñ‡πà‡∏ô‡∏µ‡πâ,‡πÑ‡∏°‡πà‡∏ú‡∏¥‡∏î,‡πÑ‡∏°‡πà‡∏£‡∏∞‡∏ö‡∏∏,0
141, ‡πÅ‡∏•‡πâ‡∏ß‡∏Ñ‡∏∑‡∏≠‡πÅ‡∏¢‡πà‡∏á‡πÑ‡∏õ‡∏ó‡∏≥‡πÑ‡∏°‡∏Ñ‡∏ß‡∏¢‡πÅ‡∏ó‡πà‡∏á‡πÄ‡∏î‡∏µ‡∏¢‡∏ß‡∏™‡∏±‡∏™ ,‡πÑ‡∏°‡πà‡∏ú‡∏¥‡∏î,‡πÑ‡∏°‡πà‡∏£‡∏∞‡∏ö‡∏∏,0
142,‡∏£‡∏π‡∏õ‡∏™‡∏∏‡∏î‡∏ó‡πâ‡∏≤‡∏¢‡∏Ñ‡∏∑‡∏≠‡∏£‡∏π‡∏õ‡∏ó‡∏µ‡πà‡πÑ‡∏õ‡∏™‡∏∞‡∏Å‡∏¥‡∏î‡πÇ‡∏î‡∏ô‡∏ï‡πà‡∏≠‡∏°‡∏ô‡∏≤‡∏á‡∏Ñ‡πà‡∏∞ ,‡πÑ‡∏°‡πà‡∏ú‡∏¥‡∏î,‡πÑ‡∏°‡πà‡∏£‡∏∞‡∏ö‡∏∏,0
143,‡∏Ñ‡∏ô‡πÑ‡∏£‡∏™‡πà‡∏á‡πÄ‡∏û‡∏∑‡πà‡∏≠‡∏ô‡∏°‡∏≤‡∏™‡πà‡∏≠‡∏á‡πÅ‡∏•‡πâ‡∏ß‡πÉ‡∏´‡πâ‡πÄ‡∏û‡∏∑‡πà‡∏≠‡∏ô‡πÄ‡∏≠‡∏≤‡πÑ‡∏õ‡πÄ‡∏°‡πâ‡∏≤‡∏™‡πå‡∏ú‡∏±‡∏ß‡∏ï‡∏±‡∏ß‡πÄ‡∏≠‡∏á,‡πÑ‡∏°‡πà‡∏ú‡∏¥‡∏î,‡πÑ‡∏°‡πà‡∏£‡∏∞‡∏ö‡∏∏,0
144,‡πÄ‡∏≠‡∏≠‡πÅ‡∏•‡πâ‡∏ß‡πÄ‡∏î‡∏∑‡∏≠‡∏î‡∏£‡πâ‡∏≠‡∏ô‡πÑ‡∏£‡∏Å‡∏±‡∏ö‡πÄ‡∏ü‡∏™‡∏Å‡∏π‡∏≠‡πà‡∏∞‡∏á‡∏á‡∏°‡∏≤‡∏Å‡∏Ñ‡πà‡∏∞,‡πÑ‡∏°‡πà‡∏ú‡∏¥‡∏î,‡πÑ‡∏°‡πà‡∏£‡∏∞‡∏ö‡∏∏,0
145,‡πÄ‡∏°‡∏∑‡πà‡∏≠‡∏ß‡∏±‡∏ô‡∏≠‡∏≤‡∏ó‡∏¥‡∏ï‡∏¢‡πå‡∏ó‡∏µ‡πà 21 ‡∏Å‡∏∏‡∏°‡∏†‡∏≤‡∏û‡∏±‡∏ô‡∏ò‡πå‡∏ó‡∏µ‡πà‡∏ú‡πà‡∏≤‡∏ô‡∏°‡∏≤‡∏Ñ‡∏∞,‡πÑ‡∏°‡πà‡∏ú‡∏¥‡∏î,‡πÑ‡∏°‡πà‡∏£‡∏∞‡∏ö‡∏∏,0
146,‡∏î‡∏¥‡∏â‡∏±‡∏ô‡πÑ‡∏õ‡∏á‡∏≤‡∏ô‡πÄ‡∏•‡∏µ‡πâ‡∏¢‡∏á‡∏ç‡∏≤‡∏ï‡∏¥‡∏°‡∏≤,‡πÑ‡∏°‡πà‡∏ú‡∏¥‡∏î,‡πÑ‡∏°‡πà‡∏£‡∏∞‡∏ö‡∏∏,0
147,‡∏ó‡∏≤‡∏á‡πÄ‡∏à‡πâ‡∏≤‡∏ö‡πà‡∏≤‡∏ß ‡πÅ‡∏•‡∏∞‡πÄ‡∏à‡πâ‡∏≤‡∏™‡∏≤‡∏ß‡πÑ‡∏î‡πâ‡∏à‡∏±‡∏î‡πÇ‡∏ï‡πä‡∏∞‡πÑ‡∏ß‡πâ‡πÉ‡∏´‡πâ‡∏™‡∏≥‡∏´‡∏£‡∏±‡∏ö‡∏ç‡∏≤‡∏ï‡∏¥ ‡πÅ‡∏•‡∏∞‡πÅ‡∏Ç‡∏Å‡∏°‡∏≤‡∏á‡∏≤‡∏ô‡πÅ‡∏¢‡∏Å‡∏Å‡∏±‡∏ô,‡πÑ‡∏°‡πà‡∏ú‡∏¥‡∏î,‡πÑ‡∏°‡πà‡∏£‡∏∞‡∏ö‡∏∏,0
148,‡∏ã‡∏∂‡πà‡∏á‡∏≠‡∏≤‡∏´‡∏≤‡∏£‡∏ó‡∏µ‡πà‡∏ö‡πà‡∏≤‡∏ß‡∏™‡∏≤‡∏ß‡∏à‡∏±‡∏î‡πÉ‡∏´‡πâ‡∏Å‡∏±‡∏ö‡∏ç‡∏≤‡∏ï‡∏¥‡πÑ‡∏î‡πâ‡∏°‡∏µ ‡∏¢‡∏≥‡∏ó‡∏∞‡πÄ‡∏• ‡∏Ç‡πâ‡∏≤‡∏ß‡πÄ‡∏õ‡∏•‡πà‡∏≤ ‡πÑ‡∏Ç‡πà‡πÄ‡∏à‡∏µ‡∏¢‡∏ß ‡πÅ‡∏Å‡∏á‡∏™‡πâ‡∏°‡∏õ‡∏•‡∏≤2‡∏ä‡∏¥‡πâ‡∏ô ‡∏ú‡∏±‡∏î‡∏ú‡∏±‡∏Å‡∏ô‡πâ‡∏≥‡∏°‡∏±‡∏ô‡∏´‡∏≠‡∏¢‡πÄ‡∏õ‡∏•‡πà‡∏≤,‡πÑ‡∏°‡πà‡∏ú‡∏¥‡∏î,‡πÑ‡∏°‡πà‡∏£‡∏∞‡∏ö‡∏∏,0
149,‡∏ç‡∏≤‡∏ï‡∏¥‡∏ó‡∏µ‡πà‡∏°‡∏≤‡∏£‡∏ß‡∏°‡∏Å‡∏±‡∏ô‡∏õ‡∏£‡∏∞‡∏°‡∏≤‡∏ì 30 ‡∏Å‡∏ß‡πà‡∏≤‡∏Ñ‡∏ô,‡πÑ‡∏°‡πà‡∏ú‡∏¥‡∏î,‡πÑ‡∏°‡πà‡∏£‡∏∞‡∏ö‡∏∏,0
150,‡πÅ‡∏ï‡πà‡πÅ‡∏Ç‡∏Å‡∏ó‡∏µ‡πà‡∏°‡∏≤‡∏á‡∏≤‡∏ô ‡πÑ‡∏î‡πâ‡∏à‡∏±‡∏î‡∏≠‡∏≤‡∏´‡∏≤‡∏£‡πÉ‡∏´‡πâ‡∏≠‡∏¢‡πà‡∏≤‡∏á‡∏î‡∏µ‡πÑ‡∏î‡πâ‡πÅ‡∏Å‡πà ‡∏ï‡πâ‡∏°‡∏¢‡∏≥‡∏´‡∏°‡πâ‡∏≠‡πÑ‡∏ü ‡∏¢‡∏≥‡∏õ‡∏•‡∏≤‡∏î‡∏∏‡∏Å‡∏ü‡∏π ‡πÅ‡∏•‡∏∞‡∏≠‡∏≤‡∏´‡∏≤‡∏£‡∏≠‡∏∑‡πà‡∏ô‡∏≠‡∏µ‡∏Å‡∏´‡∏•‡∏≤‡∏¢‡∏≠‡∏¢‡πà‡∏≤‡∏á ,‡πÑ‡∏°‡πà‡∏ú‡∏¥‡∏î,‡πÑ‡∏°‡πà‡∏£‡∏∞‡∏ö‡∏∏,0
151,‡∏ã‡∏∂‡πà‡∏á‡∏ô‡∏±‡πà‡∏ô‡πÑ‡∏î‡πâ‡∏´‡∏°‡∏≤‡∏¢‡∏ñ‡∏∂‡∏á‡∏ß‡πà‡∏≤‡∏ö‡πà‡∏≤‡∏ß ‡∏™‡∏≤‡∏ß ‡πÑ‡∏î‡πâ‡πÅ‡∏ö‡πà‡∏á‡∏ä‡∏ô‡∏ä‡∏±‡πâ‡∏ô‡∏™‡∏≥‡∏´‡∏£‡∏±‡∏ö‡∏ç‡∏≤‡∏ï‡∏¥‡πÅ‡∏•‡∏∞‡πÅ‡∏Ç‡∏Å‡∏ó‡∏µ‡πà‡∏°‡∏™‡∏á‡∏≤‡∏ô‡∏ó‡∏≥‡πÉ‡∏´‡πâ‡∏î‡∏¥‡∏â‡∏±‡∏ô‡πÄ‡∏Å‡∏¥‡∏î‡∏Ñ‡∏ß‡∏≤‡∏°‡πÑ‡∏°‡πà‡∏û‡∏≠‡πÉ‡∏à,‡πÑ‡∏°‡πà‡∏ú‡∏¥‡∏î,‡πÑ‡∏°‡πà‡∏£‡∏∞‡∏ö‡∏∏,0
152,‡πÑ‡∏î‡πâ‡∏ñ‡πà‡∏≤‡∏¢‡∏£‡∏π‡∏õ‡∏≠‡∏≤‡∏´‡∏≤‡∏£ ‡πÅ‡∏•‡∏∞‡∏£‡∏π‡∏õ‡∏ö‡πà‡∏≤‡∏ß‡∏™‡∏≤‡∏ß‡πÇ‡∏û‡∏™‡∏•‡∏á‡πÄ‡∏ü‡∏™‡∏ö‡∏∏‡∏Å‡πÇ‡∏î‡∏¢‡πÉ‡∏ä‡πà‡∏ñ‡πà‡∏≠‡∏¢‡∏Ñ‡∏≥‡∏ß‡πà‡∏≤,‡πÑ‡∏°‡πà‡∏ú‡∏¥‡∏î,‡πÑ‡∏°‡πà‡∏£‡∏∞‡∏ö‡∏∏,0
153,""" ‡∏ñ‡πâ‡∏≤‡∏à‡∏∞‡∏à‡∏±‡∏î‡πÑ‡∏Ç‡πà‡πÄ‡∏à‡∏µ‡∏¢‡∏ß‡∏Å‡∏±‡∏ö‡∏ú‡∏±‡∏î‡∏ú‡∏±‡∏Å‡∏°‡∏≤‡πÉ‡∏´‡πâ‡∏ó‡∏µ‡πà‡∏ö‡πâ‡∏≤‡∏ô‡∏â‡∏±‡∏ô‡∏Å‡πá‡∏°‡∏µ‡∏Å‡∏¥‡∏ô",‡πÑ‡∏°‡πà‡∏ú‡∏¥‡∏î,‡πÑ‡∏°‡πà‡∏£‡∏∞‡∏ö‡∏∏,0
154,‡∏≠‡∏≤‡∏´‡∏≤‡∏£‡πÅ‡∏ö‡∏ö‡∏ô‡∏µ‡πâ‡πÑ‡∏°‡πà‡∏ï‡πâ‡∏≠‡∏á‡πÄ‡∏ä‡∏¥‡∏ç‡πÑ‡∏õ‡∏Å‡∏¥‡∏ô‡∏ó‡∏µ‡πà‡∏á‡∏≤‡∏ô‡πÄ‡∏•‡∏µ‡πâ‡∏¢‡∏á‡∏´‡∏£‡∏≠‡∏Å,‡πÑ‡∏°‡πà‡∏ú‡∏¥‡∏î,‡πÑ‡∏°‡πà‡∏£‡∏∞‡∏ö‡∏∏,0
155, ‡∏á‡∏≤‡∏ô‡∏®‡∏û‡πÅ‡∏ñ‡∏ß‡∏ö‡πâ‡∏≤‡∏ô‡∏¢‡∏±‡∏á‡πÄ‡∏•‡∏µ‡πâ‡∏¢‡∏á‡∏î‡∏µ‡∏Å‡∏ß‡πà‡∏≤‡∏á‡∏≤‡∏ô‡πÅ‡∏ï‡πà‡∏á‡πÄ‡∏¢‡∏≠‡∏∞,‡∏ú‡∏¥‡∏î,‡πÑ‡∏°‡πà‡∏£‡∏∞‡∏ö‡∏∏,1
156,‡∏ã‡∏∂‡πà‡∏á‡∏ó‡∏≥‡πÉ‡∏´‡πâ‡∏ö‡πà‡∏≤‡∏ß‡∏™‡∏≤‡∏ß‡πÄ‡∏´‡πá‡∏ô‡πÇ‡∏û‡∏™‡∏ô‡∏±‡πà‡∏ô‡∏ó‡∏≥‡πÉ‡∏´‡πâ‡πÑ‡∏°‡πà‡∏û‡∏≠‡πÉ‡∏à‡πÄ‡∏õ‡πá‡∏ô‡∏≠‡∏¢‡πà‡∏≤‡∏á‡∏°‡∏≤‡∏Å,‡πÑ‡∏°‡πà‡∏ú‡∏¥‡∏î,‡πÑ‡∏°‡πà‡∏£‡∏∞‡∏ö‡∏∏,0
157, ‡πÅ‡∏•‡πâ‡∏ß‡∏à‡∏∞‡∏ü‡πâ‡∏≠‡∏á‡∏î‡∏¥‡∏â‡∏±‡∏ô‡∏Ç‡πâ‡∏≠‡∏´‡∏≤‡∏´‡∏°‡∏¥‡πà‡∏ô‡∏õ‡∏£‡∏∞‡∏°‡∏≤‡∏ó‡∏ó‡∏≥‡πÉ‡∏´‡πâ‡πÄ‡∏Å‡∏¥‡∏î‡∏Ñ‡∏ß‡∏≤‡∏°‡πÄ‡∏™‡∏µ‡∏¢‡∏´‡∏≤‡∏¢,‡πÑ‡∏°‡πà‡∏ú‡∏¥‡∏î,‡πÑ‡∏°‡πà‡∏£‡∏∞‡∏ö‡∏∏,0
158,‡∏≠‡∏¢‡πà‡∏≤‡∏°‡∏≤‡∏ï‡∏≠‡πÅ‡∏´‡∏•,‡∏ú‡∏¥‡∏î,‡πÑ‡∏°‡πà‡∏£‡∏∞‡∏ö‡∏∏,1
159,‡∏Ñ‡∏ô‡∏Ñ‡∏ô‡∏ô‡∏±‡πâ‡∏ô‡∏°‡∏±‡∏ô‡πÑ‡∏°‡πà‡πÉ‡∏ä‡πà‡∏Ñ‡∏ô,‡πÑ‡∏°‡πà‡∏ú‡∏¥‡∏î,‡πÑ‡∏°‡πà‡∏£‡∏∞‡∏ö‡∏∏,0
160,‡∏à‡∏∞‡∏ó‡∏≥‡∏ö‡∏∏‡∏ç‡∏Å‡∏£‡∏ß‡∏î‡∏ô‡πâ‡∏≥‡πÑ‡∏õ‡πÉ‡∏´‡πâ,‡πÑ‡∏°‡πà‡∏ú‡∏¥‡∏î,‡πÑ‡∏°‡πà‡∏£‡∏∞‡∏ö‡∏∏,0
161,renovate ‡∏´‡πâ‡∏≠‡∏á‡πÇ‡∏£‡∏á‡πÅ‡∏£‡∏°‡πÉ‡∏´‡∏°‡πà‡∏ó‡∏±‡πâ‡∏á‡∏ó‡∏µ‡∏Å‡πá‡∏Ñ‡∏ß‡∏£‡∏ó‡∏µ‡πà‡∏à‡∏∞‡πÄ‡∏•‡∏∑‡∏≠‡∏Å‡πÇ‡∏ã‡∏ü‡∏≤‡πÉ‡∏´‡πâ‡πÄ‡∏Ç‡πâ‡∏≤‡∏Å‡∏±‡∏ö‡∏´‡πâ‡∏≠‡∏á‡∏î‡πâ‡∏ß‡∏¢,‡πÑ‡∏°‡πà‡∏ú‡∏¥‡∏î,‡πÑ‡∏°‡πà‡∏£‡∏∞‡∏ö‡∏∏,0
162,‡∏ó‡∏≥‡πÑ‡∏°‡∏à‡∏∞‡πÇ‡∏û‡∏™‡∏ï‡πå‡∏ñ‡∏∂‡∏á‡πÑ‡∏°‡πà‡πÑ‡∏î‡πâ ‡∏Å‡πá‡∏ô‡∏≤‡∏á‡∏™‡∏≤‡∏ß‡πÅ‡∏û‡∏£‡∏ß‡∏û‡∏£‡∏£‡∏ì‡πÑ‡∏õ‡∏û‡∏π‡∏î‡∏≠‡∏¢‡πà‡∏≤‡∏á‡∏ô‡∏±‡πâ‡∏ô‡∏Å‡∏±‡∏ö‡∏•‡∏π‡∏Å‡∏ô‡πâ‡∏≠‡∏á‡∏Ç‡∏≠‡∏á‡∏ï‡∏ô‡∏Å‡πà‡∏≠‡∏ô,‡πÑ‡∏°‡πà‡∏ú‡∏¥‡∏î,‡πÑ‡∏°‡πà‡∏£‡∏∞‡∏ö‡∏∏,0
163,5555 ‡∏≠‡∏µ‡πÄ‡∏î‡πá‡∏Å üåº,‡∏ú‡∏¥‡∏î,‡πÑ‡∏°‡πà‡∏£‡∏∞‡∏ö‡∏∏,1
164,‡∏°‡∏∂‡∏á‡∏≠‡∏∞‡∏≠‡∏≤‡∏¢‡∏∏‡πÄ‡∏ó‡πà‡∏≤‡∏£‡∏±‡∏¢‡∏Ñ‡∏∞,‡πÑ‡∏°‡πà‡∏ú‡∏¥‡∏î,‡πÑ‡∏°‡πà‡∏£‡∏∞‡∏ö‡∏∏,0
165,‡∏´‡∏ô‡πâ‡∏≤‡πÅ‡∏Å‡πà‡∏Å‡∏ß‡πà‡∏≤‡πÅ‡∏°‡πà‡∏Å‡∏π‡∏≠‡∏µ‡∏Å,‡πÑ‡∏°‡πà‡∏ú‡∏¥‡∏î,‡πÑ‡∏°‡πà‡∏£‡∏∞‡∏ö‡∏∏,0
166,‡∏≠‡∏µ‡∏Ñ‡∏ß‡∏≤‡∏¢,‡πÑ‡∏°‡πà‡∏ú‡∏¥‡∏î,‡πÑ‡∏°‡πà‡∏£‡∏∞‡∏ö‡∏∏,0
167,‡∏ï‡∏µ‡∏ô‡∏Å‡∏≤‡∏Ç‡∏∂‡πâ‡∏ô‡∏´‡∏ô‡πâ‡∏≤‡πÅ‡∏•‡πâ‡∏ß‡∏Ñ‡∏∞,‡πÑ‡∏°‡πà‡∏ú‡∏¥‡∏î,‡πÑ‡∏°‡πà‡∏£‡∏∞‡∏ö‡∏∏,0
168,‡∏≠‡∏µ‡∏î‡∏≥,‡πÑ‡∏°‡πà‡∏ú‡∏¥‡∏î,‡πÑ‡∏°‡πà‡∏£‡∏∞‡∏ö‡∏∏,0
169,‡∏≠‡∏µ‡∏Ç‡πâ‡∏≤‡∏ß‡∏ô‡∏≠‡∏Å‡∏ô‡∏≤,‡πÑ‡∏°‡πà‡∏ú‡∏¥‡∏î,‡πÑ‡∏°‡πà‡∏£‡∏∞‡∏ö‡∏∏,0
170,‡∏û‡πà‡∏≠‡∏°‡∏∂‡∏á‡∏°‡∏µ‡πÄ‡∏°‡∏µ‡∏¢‡∏ô‡πâ‡∏≠‡∏¢‡∏´‡∏£‡∏≤,‡πÑ‡∏°‡πà‡∏ú‡∏¥‡∏î,‡πÑ‡∏°‡πà‡∏£‡∏∞‡∏ö‡∏∏,0
171,‡∏°‡∏µ‡∏õ‡∏°,‡πÑ‡∏°‡πà‡∏ú‡∏¥‡∏î,‡πÑ‡∏°‡πà‡∏£‡∏∞‡∏ö‡∏∏,0
172,‡πÑ‡∏°‡πà‡πÑ‡∏î‡πâ‡∏≠‡∏¢‡∏π‡πà‡∏™‡∏±‡πà‡∏á‡∏™‡∏≠‡∏ô‡∏°‡∏∂‡∏á,‡πÑ‡∏°‡πà‡∏ú‡∏¥‡∏î,‡πÑ‡∏°‡πà‡∏£‡∏∞‡∏ö‡∏∏,0
173,‡∏ô‡πà‡∏≤‡∏™‡∏°‡πÄ‡∏û‡∏ä,‡πÑ‡∏°‡πà‡∏ú‡∏¥‡∏î,‡πÑ‡∏°‡πà‡∏£‡∏∞‡∏ö‡∏∏,0
174,‡∏≠‡∏¥‡πÄ‡∏î‡πá‡∏Å‡πÄ‡∏´‡∏µ‡πâ‡∏¢,‡πÑ‡∏°‡πà‡∏ú‡∏¥‡∏î,‡πÑ‡∏°‡πà‡∏£‡∏∞‡∏ö‡∏∏,0
175,‡∏ú‡∏°‡πÑ‡∏õ‡πÄ‡∏≠‡∏≤‡∏≠‡∏±‡∏á‡πÄ‡∏õ‡∏≤‡πÄ‡∏≠‡∏á‡∏î‡∏µ‡∏Å‡∏ß‡πà‡∏≤‡∏Ñ‡∏£‡∏±‡∏ö,‡πÑ‡∏°‡πà‡∏ú‡∏¥‡∏î,‡πÑ‡∏°‡πà‡∏£‡∏∞‡∏ö‡∏∏,0
176,‡∏Å‡∏•‡∏±‡∏ß‡πÑ‡∏î‡πâ‡πÄ‡∏á‡∏¥‡∏ô‡πÑ‡∏°‡πà‡∏Ñ‡∏£‡∏ö‡∏à‡∏±‡∏á‡∏´‡∏£‡∏∑‡∏≠‡πÑ‡∏°‡πà‡πÑ‡∏î‡πâ‡∏à‡∏±‡∏á,‡πÑ‡∏°‡πà‡∏ú‡∏¥‡∏î,‡πÑ‡∏°‡πà‡∏£‡∏∞‡∏ö‡∏∏,0
177,‡∏ß‡∏±‡∏ô‡∏ô‡∏µ‡πâ‡∏Ñ‡∏≠‡∏¢‡∏î‡∏π‡∏ß‡πà‡∏≤‡∏û‡∏µ‡πà‡∏®‡∏£‡∏µ‡πÉ‡∏´‡πâ‡∏≠‡∏±‡∏á‡πÄ‡∏õ‡∏≤‡∏ú‡∏° 1 ‡∏û‡∏±‡∏ô‡∏ö‡∏≤‡∏ó‡πÄ‡∏õ‡∏•‡πà‡∏≤,‡πÑ‡∏°‡πà‡∏ú‡∏¥‡∏î,‡πÑ‡∏°‡πà‡∏£‡∏∞‡∏ö‡∏∏,0
178,‡∏´‡∏ô‡πâ‡∏≤‡∏î‡πâ‡∏≤‡∏ô,‡πÑ‡∏°‡πà‡∏ú‡∏¥‡∏î,‡πÑ‡∏°‡πà‡∏£‡∏∞‡∏ö‡∏∏,0
179,‡πÄ‡∏Ñ‡πâ‡∏≤‡∏Å‡∏•‡πà‡∏≤‡∏ß‡∏´‡∏≤‡πÄ‡∏£‡∏≤‡∏ß‡πà‡∏≤‡πÄ‡∏õ‡πá‡∏ô‡∏Ñ‡∏ô‡∏ó‡∏≥‡πÉ‡∏ô‡∏™‡∏¥‡πà‡∏á‡∏ó‡∏µ‡πà‡πÄ‡∏£‡∏≤‡πÑ‡∏°‡πà‡πÑ‡∏î‡πâ‡∏ó‡∏≥,‡∏ú‡∏¥‡∏î,‡πÑ‡∏°‡πà‡∏£‡∏∞‡∏ö‡∏∏,1
180,‡∏Ñ‡∏¥‡∏î‡∏ß‡πà‡∏≤‡∏à‡∏∞‡πÑ‡∏°‡πà‡∏Å‡∏•‡πâ‡∏≤‡πÇ‡∏ó‡∏£‡πÉ‡∏ä‡πà‡∏°‡∏±‡πâ‡∏¢,‡πÑ‡∏°‡πà‡∏ú‡∏¥‡∏î,‡πÑ‡∏°‡πà‡∏£‡∏∞‡∏ö‡∏∏,0
181,‡∏£‡∏π‡πâ‡∏à‡∏±‡∏Å‡∏Å‡∏∏‡∏ô‡πâ‡∏≠‡∏¢‡πÑ‡∏õ,‡πÑ‡∏°‡πà‡∏ú‡∏¥‡∏î,‡πÑ‡∏°‡πà‡∏£‡∏∞‡∏ö‡∏∏,0
182,‡∏≠‡∏¢‡∏≤‡∏Å‡∏£‡∏π‡πâ‡∏à‡∏±‡∏Å‡∏Ñ‡∏£‡∏≠‡∏ö‡∏Ñ‡∏£‡∏±‡∏ß‡∏ä‡∏π‡∏ä‡∏Å,‡πÑ‡∏°‡πà‡∏ú‡∏¥‡∏î,‡πÑ‡∏°‡πà‡∏£‡∏∞‡∏ö‡∏∏,0
183,‡∏à‡∏∞‡πÑ‡∏°‡πà‡∏´‡∏•‡∏á‡∏Å‡∏•‡∏Å‡∏±‡∏ô‡πÄ‡∏ä‡∏∑‡πà‡∏≠‡∏û‡∏ß‡∏Å‡∏°‡∏±‡∏ô‡∏Ñ‡πà‡∏∞,‡πÑ‡∏°‡πà‡∏ú‡∏¥‡∏î,‡πÑ‡∏°‡πà‡∏£‡∏∞‡∏ö‡∏∏,0
184,‡πÄ‡∏°‡∏µ‡∏¢‡∏ô‡πâ‡∏≠‡∏¢‡∏¢‡∏∑‡∏ô‡∏´‡∏ô‡∏∂‡πà‡∏á‡∏ï‡πâ‡∏≠‡∏á‡∏¢‡∏Å‡πÉ‡∏´‡πâ‡πÄ‡∏ò‡∏≠,‡∏ú‡∏¥‡∏î,‡πÑ‡∏°‡πà‡∏£‡∏∞‡∏ö‡∏∏,1
185,‡πÄ‡∏°‡∏∑‡πà‡∏≠‡πÄ‡∏Ç‡πâ‡∏≤‡∏ß‡∏á‡∏Å‡∏≤‡∏£‡πÄ‡∏õ‡πá‡∏ô‡πÄ‡∏°‡∏µ‡∏¢‡∏ô‡πâ‡∏≠‡∏¢‡πÄ‡∏ï‡πá‡∏°‡∏ï‡∏±‡∏ß ‡∏Å‡πá‡∏≠‡∏¢‡πà‡∏≤‡∏≠‡∏≤‡∏¢‡∏ó‡∏µ‡πà‡∏à‡∏∞‡∏õ‡∏£‡∏∞‡∏Å‡∏≤‡∏®‡∏à‡∏∏‡∏î‡∏¢‡∏∑‡∏ô,‡∏ú‡∏¥‡∏î,‡πÑ‡∏°‡πà‡∏£‡∏∞‡∏ö‡∏∏,1
186,#‡∏ï‡∏±‡πâ‡∏á‡πÅ‡∏ï‡πà‡∏°‡∏µ‡∏Ç‡πà‡∏≤‡∏ß‡πÄ‡∏£‡∏∑‡πà‡∏≠‡∏á‡πÄ‡∏°‡∏µ‡∏¢‡∏ô‡πâ‡∏≠‡∏¢‡πÄ‡∏°‡∏µ‡∏¢‡∏´‡∏•‡∏ß‡∏á‡πÄ‡∏ï‡πá‡∏°‡∏ü‡∏¥‡∏ï‡∏Ç‡πà‡∏≤‡∏ß‡∏ñ‡∏∂‡∏á‡∏Å‡∏±‡∏ö‡∏õ‡∏¥‡∏î‡πÄ‡∏ü‡∏™‡πÄ‡∏•‡∏¢‡πÄ‡∏ô‡∏≠‡∏∞,‡πÑ‡∏°‡πà‡∏ú‡∏¥‡∏î,‡πÑ‡∏°‡πà‡∏£‡∏∞‡∏ö‡∏∏,0
187,‡∏¢‡∏≠‡∏°‡∏™‡∏ñ‡∏≤‡∏õ‡∏ô‡∏≤‡∏ï‡∏±‡∏ß‡πÄ‡∏≠‡∏á‡∏°‡∏≤‡πÄ‡∏õ‡πá‡∏ô‡πÄ‡∏°‡∏µ‡∏¢‡∏ô‡πâ‡∏≠‡∏¢‡πÉ‡∏ô‡∏Ñ‡∏£‡∏≠‡∏ö‡∏Ñ‡∏£‡∏±‡∏ß‡∏Ñ‡∏ô‡∏≠‡∏∑‡πà‡∏ô,‡∏ú‡∏¥‡∏î,‡πÑ‡∏°‡πà‡∏£‡∏∞‡∏ö‡∏∏,1
188,‡∏ï‡πâ‡∏≠‡∏á‡∏•‡∏≤‡∏≠‡∏≠‡∏Å‡∏à‡∏≤‡∏Å‡∏Å‡∏≤‡∏£‡πÄ‡∏õ‡πá‡∏ô‡πÄ‡∏°‡∏µ‡∏¢‡∏ô‡πâ‡∏≠‡∏¢‡∏ó‡∏µ‡πà‡πÄ‡∏Ç‡πâ‡∏≤‡∏°‡∏≤‡∏ó‡∏≥‡∏•‡∏≤‡∏¢‡∏Ñ‡∏£‡∏≠‡∏ö‡∏Ñ‡∏£‡∏±‡∏ß‡∏ä‡∏µ‡∏ß‡∏¥‡∏ï‡∏Ñ‡∏ô‡∏≠‡∏∑‡πà‡∏ô,‡∏ú‡∏¥‡∏î,‡πÑ‡∏°‡πà‡∏£‡∏∞‡∏ö‡∏∏,1
189,‡πÉ‡∏ä‡πà‡πÜ‡πÄ‡∏°‡∏∑‡πà‡∏≠‡∏Ñ‡∏∑‡∏ô‡πÄ‡∏£‡∏≤‡πÄ‡∏´‡πá‡∏ô‡πÄ‡∏´‡∏°‡∏∑‡∏≠‡∏ô‡∏Å‡∏±‡∏ô ‡πÄ‡∏£‡∏≤‡∏Å‡πá‡∏Ñ‡∏¥‡∏î‡∏ß‡πà‡∏≤‡∏≠‡∏µ‡∏´‡∏¢‡∏±‡∏á‡∏ß‡∏∞,‡πÑ‡∏°‡πà‡∏ú‡∏¥‡∏î,‡πÑ‡∏°‡πà‡∏£‡∏∞‡∏ö‡∏∏,0
190,‡πÄ‡∏£‡∏≤‡∏Å‡∏î‡∏≠‡∏≠‡∏Å‡πÄ‡∏•‡∏¢,‡πÑ‡∏°‡πà‡∏ú‡∏¥‡∏î,‡πÑ‡∏°‡πà‡∏£‡∏∞‡∏ö‡∏∏,0
191,‡πÑ‡∏≠‡πâ‡πÄ‡∏´‡∏µ‡πâ‡∏¢,‡πÑ‡∏°‡πà‡∏ú‡∏¥‡∏î,‡πÑ‡∏°‡πà‡∏£‡∏∞‡∏ö‡∏∏,0
192,‡πÑ‡∏≠‡πâ‡∏™‡∏±‡∏ï‡∏ß‡πå,‡πÑ‡∏°‡πà‡∏ú‡∏¥‡∏î,‡πÑ‡∏°‡πà‡∏£‡∏∞‡∏ö‡∏∏,0
193,‡∏õ‡∏±‡∏ç‡∏ç‡∏≤‡∏≠‡πà‡∏≠‡∏ô,‡πÑ‡∏°‡πà‡∏ú‡∏¥‡∏î,‡πÑ‡∏°‡πà‡∏£‡∏∞‡∏ö‡∏∏,0
194,‡∏Ñ‡∏á‡πÑ‡∏°‡πà‡∏°‡∏µ‡πÉ‡∏Ñ‡∏£‡∏≠‡∏¢‡∏≤‡∏Å‡πÉ‡∏´‡πâ‡∏°‡∏≤‡∏ß‡∏¥‡∏û‡∏≤‡∏Å‡∏©‡πå‡∏ß‡∏¥‡∏à‡∏≤‡∏£‡∏ì‡πå‡∏á‡∏≤‡∏ô‡πÅ‡∏ï‡πà‡∏á‡∏á‡∏≤‡∏ô ,‡πÑ‡∏°‡πà‡∏ú‡∏¥‡∏î,‡πÑ‡∏°‡πà‡∏£‡∏∞‡∏ö‡∏∏,0
195,‡πÑ‡∏°‡πà‡πÉ‡∏ä‡πà‡∏ß‡∏¥‡∏ò‡∏µ‡∏Å‡∏≤‡∏£‡∏™‡∏∑‡∏ö‡∏´‡∏≤‡∏ó‡∏≥‡∏•‡∏≤‡∏¢‡∏ä‡∏µ‡∏ß‡∏¥‡∏ï‡πÅ‡∏ü‡∏ô‡πÄ‡∏Å‡πà‡∏≤‡πÉ‡∏´‡πâ‡∏û‡∏±‡∏á‡πÑ‡∏õ‡∏Å‡∏±‡∏ö‡∏Ñ‡∏∏‡∏ì,‡πÑ‡∏°‡πà‡∏ú‡∏¥‡∏î,‡πÑ‡∏°‡πà‡∏£‡∏∞‡∏ö‡∏∏,0
196,‡∏Å‡πá‡∏£‡∏≠‡πÄ‡∏à‡∏≠‡πÄ‡∏£‡∏≤‡πÄ‡∏ß‡∏≠‡∏£‡πå‡∏ä‡∏±‡πà‡∏ô‡∏´‡∏•‡∏±‡∏á‡∏à‡∏≤‡∏Å‡∏ô‡∏µ‡πâ‡∏Å‡πá‡πÑ‡∏î‡πâ‡∏Ñ‡πà‡∏∞ ,‡πÑ‡∏°‡πà‡∏ú‡∏¥‡∏î,‡πÑ‡∏°‡πà‡∏£‡∏∞‡∏ö‡∏∏,0
197,‡∏ö‡πâ‡∏≤‡∏ô‡∏ô‡∏µ‡πâ‡πÄ‡∏•‡∏µ‡πâ‡∏¢‡∏á‡∏´‡∏°‡∏≤‡∏õ‡∏•‡πà‡∏≠‡∏¢‡πÉ‡∏´‡πâ‡πÄ‡∏´‡∏°‡πá‡∏ô‡∏Ç‡∏µ‡πâ,‡πÑ‡∏°‡πà‡∏ú‡∏¥‡∏î,‡πÑ‡∏°‡πà‡∏£‡∏∞‡∏ö‡∏∏,0
198,‡∏™‡∏Å‡∏õ‡∏£‡∏Å‡∏°‡∏≤‡∏Å,‡πÑ‡∏°‡πà‡∏ú‡∏¥‡∏î,‡πÑ‡∏°‡πà‡∏£‡∏∞‡∏ö‡∏∏,0
199,‡∏≠‡∏µ‡πÅ‡∏Å‡πà‡∏ö‡πâ‡∏≤‡∏ô‡πâ‡∏≥‡∏•‡∏≤‡∏¢,‡πÑ‡∏°‡πà‡∏ú‡∏¥‡∏î,‡πÑ‡∏°‡πà‡∏£‡∏∞‡∏ö‡∏∏,0
200,‡∏õ‡∏±‡∏ç‡∏ç‡∏≤‡∏≠‡πà‡∏≠‡∏ô,‡πÑ‡∏°‡πà‡∏ú‡∏¥‡∏î,‡πÑ‡∏°‡πà‡∏£‡∏∞‡∏ö‡∏∏,0
201,‡πÑ‡∏≠‡πÄ‡∏´‡∏µ‡πâ‡∏¢,‡πÑ‡∏°‡πà‡∏ú‡∏¥‡∏î,‡πÑ‡∏°‡πà‡∏£‡∏∞‡∏ö‡∏∏,0
202,‡∏≠‡∏¥‡∏à‡∏â‡∏≤‡∏ß‡πà‡∏≤‡∏á‡∏±‡πâ‡∏ô,‡πÑ‡∏°‡πà‡∏ú‡∏¥‡∏î,‡πÑ‡∏°‡πà‡∏£‡∏∞‡∏ö‡∏∏,0
203,‡∏Ñ‡∏ô‡∏ó‡∏µ‡πà‡πÄ‡∏£‡∏µ‡∏¢‡∏ô‡∏ß‡∏±‡∏ô‡∏ó‡∏µ‡πà 7 ‡∏°‡∏µ‡∏ô‡∏≤‡πÑ‡∏õ‡πÇ‡∏û‡∏™‡∏ï‡πå‡∏ï‡∏≠‡∏ö‡∏°‡∏±‡∏ô‡∏´‡∏ô‡πà‡∏≠‡∏¢‡∏î‡∏¥‡∏ß‡πà‡∏≤‡∏Å‡∏π‡πÑ‡∏°‡πà‡πÑ‡∏î‡πâ‡∏™‡∏≠‡∏ô‡∏Å‡∏£‡∏≤‡∏ü‡∏´‡∏£‡∏≠,‡πÑ‡∏°‡πà‡∏ú‡∏¥‡∏î,‡πÑ‡∏°‡πà‡∏£‡∏∞‡∏ö‡∏∏,0
204,‡πÑ‡∏≠‡πâ‡∏™‡∏±‡∏ï‡∏ß‡πå,‡πÑ‡∏°‡πà‡∏ú‡∏¥‡∏î,‡πÑ‡∏°‡πà‡∏£‡∏∞‡∏ö‡∏∏,0
205,‡πÄ‡∏î‡πá‡∏Å‡∏ô‡πâ‡∏≠‡∏¢ ‡∏£‡∏¥‡∏≠‡∏≤‡∏à‡πÄ‡∏´‡∏•‡∏∑‡∏≠‡πÄ‡∏Å‡∏¥‡∏ô,‡πÑ‡∏°‡πà‡∏ú‡∏¥‡∏î,‡πÑ‡∏°‡πà‡∏£‡∏∞‡∏ö‡∏∏,0
206,‡∏°‡∏µ‡∏Å‡∏≤‡∏£‡πÅ‡∏Ñ‡∏õ‡πÄ‡∏ü‡∏™‡∏î‡πâ‡∏ß‡∏¢ ‡∏õ‡∏•‡πà‡∏≠‡∏¢‡πÄ‡∏Ç‡∏≤‡πÑ‡∏õ‡∏Ñ‡∏£‡∏±‡∏ö,‡πÑ‡∏°‡πà‡∏ú‡∏¥‡∏î,‡πÑ‡∏°‡πà‡∏£‡∏∞‡∏ö‡∏∏,0
207,‡πÄ‡∏î‡πà‡∏ß‡∏Å‡∏π‡∏à‡∏∞‡πÄ‡∏Ç‡πâ‡∏≤‡πÑ‡∏õ‡∏î‡∏π ‡∏Å‡∏•‡∏∏‡πà‡∏°‡πÅ‡∏£‡∏Å‡πÜ‡∏ó‡∏µ‡πà‡πÅ‡∏ö‡∏ô‡∏Å‡∏π‡πÑ‡∏õ ‡πÑ‡∏õ‡πÇ‡∏û‡∏™‡∏ï‡πå‡∏ö‡∏≠‡∏Å‡∏°‡∏±‡∏ô‡∏î‡πâ‡∏ß‡∏¢,‡πÑ‡∏°‡πà‡∏ú‡∏¥‡∏î,‡πÑ‡∏°‡πà‡∏£‡∏∞‡∏ö‡∏∏,0
208,‡∏Ñ‡∏∑‡∏≠‡∏™‡∏¥‡πà‡∏á‡∏ó‡∏µ‡πà‡∏Å‡∏π‡∏à‡∏∞‡πÉ‡∏´‡πâ‡∏°‡∏∂‡∏á,‡πÑ‡∏°‡πà‡∏ú‡∏¥‡∏î,‡πÑ‡∏°‡πà‡∏£‡∏∞‡∏ö‡∏∏,0
209,‡∏ó‡∏≥‡∏ó‡∏£‡∏á‡πÄ‡∏ü‡∏µ‡∏¢‡∏™‡πÅ‡∏ï‡πà‡∏ï‡∏±‡∏ß‡∏à‡∏£‡∏¥‡∏á‡∏≠‡∏¢‡πà‡∏≤‡∏á‡∏´‡∏°‡∏≤,‡πÑ‡∏°‡πà‡∏ú‡∏¥‡∏î,‡πÑ‡∏°‡πà‡∏£‡∏∞‡∏ö‡∏∏,0
